dataset,strategy,seed,budget,requested_budget,initial_seed_size,accuracy,balanced_accuracy,macro_f1,weighted_f1,macro_recall,rare_recall,zero_recall_class_count,zero_recall_class_fraction,multiclass_brier_score,nll,ece,label_coverage_count,label_coverage_fraction,class_coverage_count,class_coverage_fraction,missing_label_count,missing_label_fraction,missing_class_count,missing_class_fraction,missing_test_support_weighted_fraction,new_labels_selected_count,new_labels_selected_fraction,accuracy_per_label,macro_f1_per_label,runtime_seconds,selected_count,rare_selected_count,aulc_accuracy,aulc_balanced_accuracy,aulc_macro_f1,aulc_weighted_f1,aulc_macro_recall,aulc_rare_recall,aulc_multiclass_brier_score,aulc_nll,aulc_ece,lift_accuracy_vs_random,lift_balanced_accuracy_vs_random,lift_macro_f1_vs_random,lift_weighted_f1_vs_random,lift_macro_recall_vs_random,lift_rare_recall_vs_random,lift_multiclass_brier_score_vs_random,lift_nll_vs_random,lift_ece_vs_random
banking77,adaptive_uncertainty_diversity,13,50,50,9,0.112,0.12084106369820656,0.07997158158121942,0.09084430699056088,0.12084106369820656,,62.0,0.8051948051948052,0.9972675801605463,21.153401860154375,0.04340469287496149,34,0.44155844155844154,34,0.44155844155844154,43,0.5584415584415584,43,0.5584415584415584,0.572,25,0.8333333333333334,0.0022400000000000002,0.0015994316316243883,0.08032989999628626,41,0,0.15066666666666667,0.1749020820449392,0.10324735197302089,0.09972922449957193,0.1749020820449392,,0.9802493647995275,13.091616000447303,0.09171719576541738,0.0,0.0,0.0,0.0,0.0,,0.0,0.0,0.0
banking77,adaptive_uncertainty_diversity,13,100,100,9,0.112,0.1471861471861472,0.0713635693909248,0.06578441846809292,0.1471861471861472,,61.0,0.7922077922077922,0.9829584714977867,13.240201618968037,0.049832815789976094,55,0.7142857142857143,55,0.7142857142857143,22,0.2857142857142857,22,0.2857142857142857,0.308,21,0.6176470588235294,0.0011200000000000001,0.000713635693909248,0.0749457999918377,50,0,0.15066666666666667,0.1749020820449392,0.10324735197302089,0.09972922449957193,0.1749020820449392,,0.9802493647995275,13.091616000447303,0.09171719576541738,0.0,0.0,0.0,0.0,0.0,,0.0,0.0,0.0
banking77,adaptive_uncertainty_diversity,13,200,200,9,0.228,0.2435064935064935,0.16271091104206575,0.15508889230129597,0.2435064935064935,,51.0,0.6623376623376623,0.9676765970716291,8.837844642812664,0.17870001717380724,67,0.8701298701298701,67,0.8701298701298701,10,0.12987012987012986,10,0.12987012987012986,0.164,12,0.2553191489361702,0.00114,0.0008135545552103287,1.1985223000083352,100,0,0.15066666666666667,0.1749020820449392,0.10324735197302089,0.09972922449957193,0.1749020820449392,,0.9802493647995275,13.091616000447303,0.09171719576541738,0.04400000000000001,0.02619047619047621,0.006334459211068455,0.004382276694680359,0.02619047619047621,,0.0014481719819807726,1.793276000467655,0.05457315263377825
banking77,class_group_balanced_entropy,13,50,50,9,0.064,0.049134199134199134,0.02716596285021132,0.03846559600571375,0.049134199134199134,,69.0,0.8961038961038961,0.991922919996864,19.936814678491583,0.0498133106956163,37,0.4805194805194805,37,0.4805194805194805,40,0.5194805194805194,40,0.5194805194805194,0.532,28,0.9032258064516129,0.00128,0.0005433192570042264,0.12869420000060927,41,0,0.16533333333333333,0.1484436198721913,0.09141332370377661,0.110112785592183,0.1484436198721913,,0.9746910259655256,13.329542530336493,0.11379151222793486,-0.048,-0.07170686456400743,-0.0528056187310081,-0.052378710984847136,-0.07170686456400743,,-0.005344660163682291,-1.216587181662792,0.006408617820654813
banking77,class_group_balanced_entropy,13,100,100,9,0.16,0.13398268398268398,0.0734519724797399,0.10008175190451375,0.13398268398268398,,60.0,0.7792207792207793,0.976563984721462,14.563443256870816,0.09968004848155644,51,0.6623376623376623,51,0.6623376623376623,26,0.33766233766233766,26,0.33766233766233766,0.356,14,0.4375,0.0016,0.0007345197247973991,0.1388394999958109,50,0,0.16533333333333333,0.1484436198721913,0.09141332370377661,0.110112785592183,0.1484436198721913,,0.9746910259655256,13.329542530336493,0.11379151222793486,0.048,-0.013203463203463217,0.0020884030888151106,0.03429733343642083,-0.013203463203463217,,-0.006394486776324704,1.323241637902779,0.04984723269158035
banking77,class_group_balanced_entropy,13,200,200,9,0.224,0.21978973407544836,0.15047903096661436,0.16098293091692148,0.21978973407544836,,50.0,0.6493506493506493,0.9632656408159519,8.17505536645746,0.16694780861366182,69,0.8961038961038961,69,0.8961038961038961,8,0.1038961038961039,8,0.1038961038961039,0.144,18,0.35294117647058826,0.0011200000000000001,0.0007523951548330718,0.16180219998932444,100,0,0.16533333333333333,0.1484436198721913,0.09141332370377661,0.110112785592183,0.1484436198721913,,0.9746910259655256,13.329542530336493,0.11379151222793486,0.04000000000000001,0.0024737167594310605,-0.005897420864382941,0.010276315310305872,0.0024737167594310605,,-0.0029627842736964505,1.1304867241124512,0.042820944073632836
banking77,coreset_kcenter,13,50,50,9,0.072,0.07575757575757576,0.030845522732533773,0.030335229355019457,0.07575757575757576,,68.0,0.8831168831168831,0.994307047865918,19.737848930758904,0.018019737159778473,40,0.5194805194805194,40,0.5194805194805194,37,0.4805194805194805,37,0.4805194805194805,0.524,31,0.9117647058823529,0.0014399999999999999,0.0006169104546506754,0.1716971999994712,41,0,0.14666666666666667,0.15270562770562773,0.10006850481279042,0.10353657478872225,0.15270562770562773,,0.9806657944885266,12.734685036707004,0.09527808990239028,-0.04000000000000001,-0.0450834879406308,-0.04912605884868565,-0.060509077635541426,-0.0450834879406308,,-0.0029605322946283374,-1.4155529293954707,-0.025384955715183014
banking77,coreset_kcenter,13,100,100,9,0.128,0.1248917748917749,0.06945265650550135,0.07397107391583094,0.1248917748917749,,62.0,0.8051948051948052,0.9834259283115949,13.008156710331956,0.07527526327423026,54,0.7012987012987013,54,0.7012987012987013,23,0.2987012987012987,23,0.2987012987012987,0.3,14,0.4117647058823529,0.00128,0.0006945265650550135,0.3832825999998022,50,0,0.14666666666666667,0.15270562770562773,0.10006850481279042,0.10353657478872225,0.15270562770562773,,0.9806657944885266,12.734685036707004,0.09527808990239028,0.016,-0.022294372294372297,-0.0019109128854234436,0.008186655447738014,-0.022294372294372297,,0.00046745681380822024,-0.2320449086360803,0.025442447484254165
banking77,coreset_kcenter,13,200,200,9,0.212,0.2329004329004329,0.18060376831385233,0.18448549881491058,0.2329004329004329,,47.0,0.6103896103896104,0.9697049670652285,8.822895579243623,0.16391150621593625,66,0.8571428571428571,66,0.8571428571428571,11,0.14285714285714285,11,0.14285714285714285,0.164,12,0.21818181818181817,0.00106,0.0009030188415692617,0.8994210999953793,100,0,0.14666666666666667,0.15270562770562773,0.10006850481279042,0.10353657478872225,0.15270562770562773,,0.9806657944885266,12.734685036707004,0.09527808990239028,0.027999999999999997,0.015584415584415617,0.024227316482855032,0.033778883208294974,0.015584415584415617,,0.0034765419755801164,1.7783269368986137,0.03978464167590727
banking77,entropy,13,50,50,9,0.148,0.11991341991341993,0.044358523705070395,0.05884421013313366,0.11991341991341993,,65.0,0.8441558441558441,0.9934039998470785,20.77896627714871,0.08765797129255594,36,0.4675324675324675,36,0.4675324675324675,41,0.5324675324675324,41,0.5324675324675324,0.56,27,0.84375,0.00296,0.0008871704741014079,0.19715069999801926,41,0,0.15733333333333335,0.15164055521198377,0.08879794198237488,0.10638744845344451,0.15164055521198377,,0.9784624663174399,13.171590239124,0.10496890372424637,0.03599999999999999,-0.0009276437847866303,-0.035613057876149025,-0.032000096857427225,-0.0009276437847866303,,-0.003863580313467785,-0.3744355830056634,0.04425327841759445
banking77,entropy,13,100,100,9,0.156,0.13179756751185323,0.07486408162908618,0.10567447114073046,0.13179756751185323,,60.0,0.7792207792207793,0.9800822273474057,14.003054509965372,0.10470690927591425,52,0.6753246753246753,52,0.6753246753246753,25,0.3246753246753247,25,0.3246753246753247,0.336,16,0.48484848484848486,0.00156,0.0007486408162908618,0.4699938999983715,50,0,0.15733333333333335,0.15164055521198377,0.08879794198237488,0.10638744845344451,0.15164055521198377,,0.9784624663174399,13.171590239124,0.10496890372424637,0.044,-0.015388579674293967,0.0035005122381613907,0.03989005267263754,-0.015388579674293967,,-0.0028762441503810132,0.7628528909973351,0.05487409348593816
banking77,entropy,13,200,200,9,0.164,0.19726860441146155,0.13191844165096017,0.13122853358267103,0.19726860441146155,,52.0,0.6753246753246753,0.968562058007672,8.120705813849588,0.11401736161258974,66,0.8571428571428571,66,0.8571428571428571,11,0.14285714285714285,11,0.14285714285714285,0.14,14,0.3111111111111111,0.00082,0.0006595922082548009,0.9199137999967206,100,0,0.15733333333333335,0.15164055521198377,0.08879794198237488,0.10638744845344451,0.15164055521198377,,0.9784624663174399,13.171590239124,0.10496890372424637,-0.01999999999999999,-0.02004741290455575,-0.024458010180037126,-0.019478082023944576,-0.02004741290455575,,0.002333632918023687,1.0761371715045787,-0.010109502927439243
banking77,least_confidence,13,50,50,9,0.088,0.06356421356421356,0.02637258613933205,0.04087820974606788,0.06356421356421356,,69.0,0.8961038961038961,0.9881115092671892,19.425026212349806,0.039811424525707455,38,0.4935064935064935,38,0.4935064935064935,39,0.5064935064935064,39,0.5064935064935064,0.516,29,0.9666666666666667,0.0017599999999999998,0.0005274517227866409,0.21343950000300538,41,0,0.15866666666666668,0.16275853775853777,0.09064006933530133,0.09737048735444188,0.16275853775853777,,0.9758369033828529,12.19736795583708,0.10551261916309579,-0.024000000000000007,-0.057276850133993,-0.05359899544188737,-0.049966097244493,-0.057276850133993,,-0.009156070893357127,-1.7283756478045689,-0.003593268349254032
banking77,least_confidence,13,100,100,9,0.152,0.16493506493506496,0.08717231543503043,0.08872253855410273,0.16493506493506496,,58.0,0.7532467532467533,0.978156778097272,13.443414981797089,0.09526996062252586,54,0.7012987012987013,54,0.7012987012987013,23,0.2987012987012987,23,0.2987012987012987,0.316,16,0.42105263157894735,0.0015199999999999999,0.0008717231543503043,0.3910998000064865,50,0,0.15866666666666668,0.16275853775853777,0.09064006933530133,0.09737048735444188,0.16275853775853777,,0.9758369033828529,12.19736795583708,0.10551261916309579,0.039999999999999994,0.017748917748917764,0.015808746044105634,0.022938120086009803,0.017748917748917764,,-0.004801693400514728,0.203213362829052,0.04543714483254977
banking77,least_confidence,13,200,200,9,0.204,0.2090909090909091,0.12797544178369233,0.1385885493591376,0.2090909090909091,,53.0,0.6883116883116883,0.9662197883690562,6.7144682886407026,0.15372720429264483,70,0.9090909090909091,70,0.9090909090909091,7,0.09090909090909091,7,0.09090909090909091,0.092,16,0.2909090909090909,0.0010199999999999999,0.0006398772089184616,0.7130063000076916,100,0,0.15866666666666668,0.16275853775853777,0.09064006933530133,0.09737048735444188,0.16275853775853777,,0.9758369033828529,12.19736795583708,0.10551261916309579,0.01999999999999999,-0.00822510822510819,-0.02840101004730497,-0.012118066247477993,-0.00822510822510819,,-8.636720592147817e-06,-0.33010035370430657,0.029600339752615848
banking77,margin,13,50,50,9,0.052,0.048845598845598845,0.018041529317498684,0.026687784175015168,0.048845598845598845,,70.0,0.9090909090909091,0.992272253299408,18.94597394873054,0.06924841480213802,38,0.4935064935064935,38,0.4935064935064935,39,0.5064935064935064,39,0.5064935064935064,0.5,29,1.0,0.00104,0.0003608305863499737,0.22945800000161398,41,0,0.12400000000000001,0.12244897959183672,0.07498445058881972,0.08942319208404999,0.12244897959183672,,0.9779991349028841,12.921679756259412,0.07200959204339781,-0.060000000000000005,-0.07199546485260772,-0.06193005226372074,-0.06415652281554571,-0.07199546485260772,,-0.004995326861138238,-2.207427911423835,0.02584372192717653
banking77,margin,13,100,100,9,0.108,0.11161616161616163,0.06198250374815505,0.07017406320509283,0.11161616161616163,,64.0,0.8311688311688312,0.9819107944044682,14.051366651446951,0.036653157583400896,54,0.7012987012987013,54,0.7012987012987013,23,0.2987012987012987,23,0.2987012987012987,0.336,16,0.48484848484848486,0.00108,0.0006198250374815505,0.3900271000020439,50,0,0.12400000000000001,0.12244897959183672,0.07498445058881972,0.08942319208404999,0.12244897959183672,,0.9779991349028841,12.921679756259412,0.07200959204339781,-0.0040000000000000036,-0.03556998556998557,-0.009381065642769741,0.004389644736999904,-0.03556998556998557,,-0.0010476770933185442,0.8111650324789146,-0.013179658206575198
banking77,margin,13,200,200,9,0.184,0.17549989692846835,0.12295883148547726,0.14966458935700314,0.17549989692846835,,53.0,0.6883116883116883,0.9649950864522463,8.215002317242538,0.12642483235402308,67,0.8701298701298701,67,0.8701298701298701,10,0.12987012987012986,10,0.12987012987012986,0.144,13,0.22413793103448276,0.00092,0.0006147941574273863,0.6709845000004862,100,0,0.12400000000000001,0.12244897959183672,0.07498445058881972,0.08942319208404999,0.12244897959183672,,0.9779991349028841,12.921679756259412,0.07200959204339781,0.0,-0.04181612038754895,-0.03341762034552004,-0.001042026249612471,-0.04181612038754895,,-0.0012333386374020483,1.170433674897529,0.0022979678139940923
banking77,mix_interleaved_class_group_random,13,50,50,9,0.076,0.06103896103896104,0.026713907644775135,0.04312425671425788,0.06103896103896104,,69.0,0.8961038961038961,0.990690136649699,19.441624886276223,0.035755114841134535,38,0.4935064935064935,38,0.4935064935064935,39,0.5064935064935064,39,0.5064935064935064,0.516,29,0.90625,0.0015199999999999999,0.0005342781528955027,0.11376809999637771,41,0,0.182,0.1665223665223665,0.11575371004875107,0.13723231507313602,0.1665223665223665,,0.9721489566821947,10.501082284329284,0.13266160108732844,-0.036000000000000004,-0.05980210265924552,-0.05325767393644429,-0.047720050276303,-0.05980210265924552,,-0.006577443510847325,-1.7117769738781519,-0.007649578033826952
banking77,mix_interleaved_class_group_random,13,100,100,9,0.16,0.14343434343434344,0.08686589338992261,0.11215541443883886,0.14343434343434344,,59.0,0.7662337662337663,0.9738360079685072,10.982372346412077,0.10727506009715931,57,0.7402597402597403,57,0.7402597402597403,20,0.2597402597402597,20,0.2597402597402597,0.236,19,0.5,0.0016,0.0008686589338992261,0.10586019999755081,50,0,0.182,0.1665223665223665,0.11575371004875107,0.13723231507313602,0.1665223665223665,,0.9721489566821947,10.501082284329284,0.13266160108732844,0.048,-0.003751803751803756,0.015502323998997813,0.04637099597074594,-0.003751803751803756,,-0.009122463529279479,-2.257829272555959,0.05744224430718322
banking77,mix_interleaved_class_group_random,13,200,200,9,0.268,0.2538961038961039,0.2036053362389817,0.2219016952040208,0.2538961038961039,,46.0,0.5974025974025974,0.9603477897689736,5.308875890231617,0.219194655695679,73,0.948051948051948,73,0.948051948051948,4,0.05194805194805195,4,0.05194805194805195,0.048,16,0.2962962962962963,0.00134,0.0010180266811949084,0.1841975999996066,100,0,0.182,0.1665223665223665,0.11575371004875107,0.13723231507313602,0.1665223665223665,,0.9721489566821947,10.501082284329284,0.13266160108732844,0.08400000000000002,0.0365800865800866,0.047228884407984395,0.0711950795974052,0.0365800865800866,,-0.005880635320674732,-1.7356927521133922,0.09506779115565002
banking77,random,13,50,50,9,0.112,0.12084106369820656,0.07997158158121942,0.09084430699056088,0.12084106369820656,,62.0,0.8051948051948052,0.9972675801605463,21.153401860154375,0.04340469287496149,34,0.44155844155844154,34,0.44155844155844154,43,0.5584415584415584,43,0.5584415584415584,0.572,25,0.8333333333333334,0.0022400000000000002,0.0015994316316243883,0.09143200000107754,41,0,0.13599999999999998,0.16617192331478048,0.1011358655693314,0.09826846560134515,0.16617192331478048,,0.9797666408055339,12.493857333624751,0.07352614488749128,0.0,0.0,0.0,0.0,0.0,,0.0,0.0,0.0
banking77,random,13,100,100,9,0.112,0.1471861471861472,0.0713635693909248,0.06578441846809292,0.1471861471861472,,61.0,0.7922077922077922,0.9829584714977867,13.240201618968037,0.049832815789976094,55,0.7142857142857143,55,0.7142857142857143,22,0.2857142857142857,22,0.2857142857142857,0.308,21,0.6176470588235294,0.0011200000000000001,0.000713635693909248,0.08777600000030361,50,0,0.13599999999999998,0.16617192331478048,0.1011358655693314,0.09826846560134515,0.16617192331478048,,0.9797666408055339,12.493857333624751,0.07352614488749128,0.0,0.0,0.0,0.0,0.0,,0.0,0.0,0.0
banking77,random,13,200,200,9,0.184,0.2173160173160173,0.1563764518309973,0.1507066156066156,0.2173160173160173,,50.0,0.6493506493506493,0.9662284250896483,7.044568642345009,0.12412686454002898,70,0.9090909090909091,70,0.9090909090909091,7,0.09090909090909091,7,0.09090909090909091,0.104,15,0.29411764705882354,0.00092,0.0007818822591549864,0.24783340000431053,100,0,0.13599999999999998,0.16617192331478048,0.1011358655693314,0.09826846560134515,0.16617192331478048,,0.9797666408055339,12.493857333624751,0.07352614488749128,0.0,0.0,0.0,0.0,0.0,,0.0,0.0,0.0
banking77,adaptive_uncertainty_diversity,21,50,50,9,0.088,0.11044444444444447,0.07389952652271492,0.07081378539916096,0.10757575757575757,,58.0,0.7733333333333333,0.9902461316111706,17.29242357706989,0.036641753815683645,43,0.5584415584415584,43,0.5584415584415584,34,0.44155844155844154,34,0.44155844155844154,0.444,34,0.918918918918919,0.0017599999999999998,0.0014779905304542983,0.10066050000023097,41,0,0.152,0.18047354497354495,0.12269647752087226,0.12223890473276576,0.17578592042877755,,0.9760819010049302,10.41355052526862,0.10123728125228557,0.0,0.0,0.0,0.0,0.0,,0.0,0.0,0.0
banking77,adaptive_uncertainty_diversity,21,100,100,9,0.112,0.13922222222222222,0.0928813170833862,0.08893307069578255,0.1356060606060606,,56.0,0.7466666666666667,0.9791112641126788,11.506583402330243,0.0573363552329101,56,0.7272727272727273,56,0.7272727272727273,21,0.2727272727272727,21,0.2727272727272727,0.252,13,0.35135135135135137,0.0011200000000000001,0.000928813170833862,0.0908802000049036,50,0,0.152,0.18047354497354495,0.12269647752087226,0.12223890473276576,0.17578592042877755,,0.9760819010049302,10.41355052526862,0.10123728125228557,0.0,0.0,0.0,0.0,0.0,,0.0,0.0,0.0
banking77,adaptive_uncertainty_diversity,21,200,200,9,0.244,0.2773650793650793,0.19181769367618,0.197910215455043,0.270160791589363,,40.0,0.5333333333333333,0.9644557410401872,5.334564683775545,0.19938643399964973,72,0.935064935064935,72,0.935064935064935,5,0.06493506493506493,5,0.06493506493506493,0.048,16,0.2807017543859649,0.00122,0.0009590884683809,1.2438588000077289,100,0,0.152,0.18047354497354495,0.12269647752087226,0.12223890473276576,0.17578592042877755,,0.9760819010049302,10.41355052526862,0.10123728125228557,-0.01200000000000001,-0.004190476190476244,-0.016262313066928297,-0.012487057859877387,-0.004081632653061218,,-0.0007061401896857333,-0.09854189006574998,-0.003527486315924755
banking77,class_group_balanced_entropy,21,50,50,9,0.084,0.08641269841269841,0.041263734189442014,0.04741197721073497,0.08416821273964131,,63.0,0.84,0.9958551855511973,20.057380539212378,0.017268846131366877,35,0.45454545454545453,35,0.45454545454545453,42,0.5454545454545454,42,0.5454545454545454,0.536,26,0.8666666666666667,0.00168,0.0008252746837888403,0.116204399993876,41,0,0.17800000000000002,0.19640740740740745,0.12263123423397289,0.12763300508512004,0.1913059163059163,,0.9757304761068737,12.178170281846533,0.12387648017590451,-0.00399999999999999,-0.024031746031746057,-0.032635792333272906,-0.023401808188425986,-0.023407544836116262,,0.005609053940026754,2.764956962142488,-0.019372907684316768
banking77,class_group_balanced_entropy,21,100,100,9,0.144,0.16377777777777777,0.09544948671742931,0.09950224512329775,0.1595238095238095,,53.0,0.7066666666666667,0.9793682273969807,13.797072118339601,0.08970808477796481,54,0.7012987012987013,54,0.7012987012987013,23,0.2987012987012987,23,0.2987012987012987,0.328,19,0.5277777777777778,0.0014399999999999999,0.000954494867174293,0.08835000000544824,50,0,0.17800000000000002,0.19640740740740745,0.12263123423397289,0.12763300508512004,0.1913059163059163,,0.9757304761068737,12.178170281846533,0.12387648017590451,0.03199999999999999,0.024555555555555553,0.002568169634043105,0.010569174427515204,0.02391774891774892,,0.0002569632843019143,2.2904887160093583,0.03237172954505471
banking77,class_group_balanced_entropy,21,200,200,9,0.276,0.30034920634920637,0.20408760553105373,0.20993965896504593,0.292547928262214,,37.0,0.49333333333333335,0.9602114944495512,5.810212398424006,0.22843289029508285,71,0.922077922077922,71,0.922077922077922,6,0.07792207792207792,6,0.07792207792207792,0.064,17,0.34,0.0013800000000000002,0.0010204380276552687,0.17216900001221802,100,0,0.17800000000000002,0.19640740740740745,0.12263123423397289,0.12763300508512004,0.1913059163059163,,0.9757304761068737,12.178170281846533,0.12387648017590451,0.020000000000000018,0.018793650793650807,-0.003992401212054575,-0.0004576143498744578,0.018305504019789753,,-0.0049503867803216695,0.3771058245827108,0.025518969979508366
banking77,coreset_kcenter,21,50,50,9,0.068,0.06822222222222221,0.026438794550249656,0.02905509001261323,0.06645021645021644,,66.0,0.88,1.0019729033141476,21.408865885656546,0.03646239703273844,33,0.42857142857142855,33,0.42857142857142855,44,0.5714285714285714,44,0.5714285714285714,0.58,24,0.8275862068965517,0.00136,0.0005287758910049931,0.20219120000547264,41,0,0.14066666666666666,0.1361296296296296,0.08792833040444639,0.0959499779239681,0.1325937950937951,,0.9822167483252287,12.289701637595936,0.09064727316197001,-0.01999999999999999,-0.04222222222222226,-0.04746073197246527,-0.04175869538654773,-0.041125541125541135,,0.011726771702976979,4.116442308586656,-0.00017935678294520724
banking77,coreset_kcenter,21,100,100,9,0.12,0.10455555555555555,0.06037284927562655,0.0774803174255603,0.10183982683982684,,59.0,0.7866666666666666,0.9836857083892369,12.875094599896233,0.06325561185235207,53,0.6883116883116883,53,0.6883116883116883,24,0.3116883116883117,24,0.3116883116883117,0.296,20,0.5555555555555556,0.0012,0.0006037284927562655,0.5105610000027809,50,0,0.14066666666666666,0.1361296296296296,0.08792833040444639,0.0959499779239681,0.1325937950937951,,0.9822167483252287,12.289701637595936,0.09064727316197001,0.007999999999999993,-0.034666666666666665,-0.03250846780775966,-0.011452753270222243,-0.03376623376623375,,0.004574444276558065,1.36851119756599,0.005919256619441968
banking77,coreset_kcenter,21,200,200,9,0.208,0.2174444444444444,0.16000632002477452,0.15710191262725726,0.21179653679653676,,47.0,0.6266666666666667,0.9701352307347573,6.852030070115183,0.15882720319101268,67,0.8701298701298701,67,0.8701298701298701,10,0.12987012987012986,10,0.12987012987012986,0.096,14,0.22950819672131148,0.00104,0.0008000316001238726,1.0063919999956852,100,0,0.14066666666666666,0.1361296296296296,0.08792833040444639,0.0959499779239681,0.1325937950937951,,0.9822167483252287,12.289701637595936,0.09064727316197001,-0.048000000000000015,-0.06411111111111115,-0.048073686718333786,-0.053295360687663135,-0.06244588744588747,,0.004973349504884372,1.4189234962738881,-0.0440867171245618
banking77,entropy,21,50,50,9,0.06,0.06911111111111111,0.043467120386414745,0.047340854252551336,0.06731601731601732,,62.0,0.8266666666666667,0.998533565043404,20.171336168358707,0.03145127776597067,34,0.44155844155844154,34,0.44155844155844154,43,0.5584415584415584,43,0.5584415584415584,0.54,25,0.8064516129032258,0.0012,0.0008693424077282949,0.23083049998967908,41,0,0.146,0.16086243386243387,0.11000845180280801,0.11405183404746173,0.15668418882704596,,0.9795296994390937,13.043697508534676,0.09077685788885144,-0.027999999999999997,-0.04133333333333336,-0.030432406136300175,-0.023472931146609623,-0.04025974025974026,,0.008287433432233371,2.8789125912888167,-0.005190476049712976
banking77,entropy,21,100,100,9,0.128,0.13895238095238094,0.0931005502434074,0.10026617826617827,0.13534322820037106,,54.0,0.72,0.9820059808673542,14.025991047567908,0.06350637293312957,50,0.6493506493506493,50,0.6493506493506493,27,0.35064935064935066,27,0.35064935064935066,0.336,16,0.48484848484848486,0.00128,0.000931005502434074,0.5166790999937803,50,0,0.146,0.16086243386243387,0.11000845180280801,0.11405183404746173,0.15668418882704596,,0.9795296994390937,13.043697508534676,0.09077685788885144,0.016,-0.0002698412698412811,0.00021923316002118998,0.011333107570395726,-0.00026283240568952815,,0.0028947167546754526,2.5194076452376652,0.006170017700219466
banking77,entropy,21,200,200,9,0.216,0.2396031746031746,0.16864096985010554,0.16808580761684208,0.23337971552257267,,46.0,0.6133333333333333,0.9663133444945478,8.006437870072812,0.16134537538387467,67,0.8701298701298701,67,0.8701298701298701,10,0.12987012987012986,10,0.12987012987012986,0.136,17,0.3269230769230769,0.00108,0.0008432048492505277,0.9895484000007855,100,0,0.146,0.16086243386243387,0.11000845180280801,0.11405183404746173,0.15668418882704596,,0.9795296994390937,13.043697508534676,0.09077685788885144,-0.04000000000000001,-0.04195238095238096,-0.039439036893002766,-0.04231146569807831,-0.040862708719851565,,0.0011514632646748568,2.573331296231517,-0.04156854493169981
banking77,least_confidence,21,50,50,9,0.068,0.06111111111111111,0.028806903241251677,0.0327955791308587,0.05952380952380952,,66.0,0.88,0.9917866203474629,17.868974556041625,0.011919720912513395,39,0.5064935064935064,39,0.5064935064935064,38,0.4935064935064935,38,0.4935064935064935,0.464,30,0.8571428571428571,0.00136,0.0005761380648250335,0.2205573999963235,41,0,0.16733333333333333,0.1726111111111111,0.11947261813754238,0.12303389620842177,0.16812770562770563,,0.9765396188818445,10.729880059841378,0.11496997474678283,-0.01999999999999999,-0.04933333333333336,-0.04509262328146324,-0.03801820626830226,-0.048051948051948054,,0.0015404887362923114,0.5765509789717349,-0.024722032903170252
banking77,least_confidence,21,100,100,9,0.144,0.13566666666666666,0.0841224990651405,0.09361925678988137,0.13214285714285712,,57.0,0.76,0.977661405884716,11.854585949788959,0.0883188324101453,56,0.7272727272727273,56,0.7272727272727273,21,0.2727272727272727,21,0.2727272727272727,0.264,17,0.4358974358974359,0.0014399999999999999,0.0008412249906514049,0.4148124000057578,50,0,0.16733333333333333,0.1726111111111111,0.11947261813754238,0.12303389620842177,0.16812770562770563,,0.9765396188818445,10.729880059841378,0.11496997474678283,0.03199999999999999,-0.003555555555555562,-0.008758818018245712,0.004686186094098821,-0.0034632034632034736,,-0.0014498582279628414,0.34800254745871584,0.030982477177235207
banking77,least_confidence,21,200,200,9,0.252,0.2837777777777778,0.21783065419429057,0.21227501387501388,0.2764069264069264,,39.0,0.52,0.9672334376447279,5.4732739768198835,0.2064718151688738,73,0.948051948051948,73,0.948051948051948,4,0.05194805194805195,4,0.05194805194805195,0.052,17,0.2698412698412698,0.00126,0.0010891532709714528,0.6505752000084613,100,0,0.16733333333333333,0.1726111111111111,0.11947261813754238,0.12303389620842177,0.16812770562770563,,0.9765396188818445,10.729880059841378,0.11496997474678283,-0.0040000000000000036,0.0022222222222222365,0.00975064745118226,0.0018777405600934882,0.0021645021645021467,,0.0020715564148550136,0.04016740297858856,0.003557894853299326
banking77,margin,21,50,50,9,0.072,0.06111111111111111,0.01725485673817482,0.020209578660947327,0.05952380952380952,,68.0,0.9066666666666666,0.9938488951603638,19.452079587887194,0.06113009205845461,37,0.4805194805194805,37,0.4805194805194805,40,0.5194805194805194,40,0.5194805194805194,0.516,28,0.8235294117647058,0.0014399999999999999,0.00034509713476349636,0.22410079999826849,41,0,0.16599999999999998,0.15804497354497354,0.09549672389103415,0.11403352160625337,0.15393990929705215,,0.9751771119208278,11.54802453179747,0.11603174506792854,-0.016,-0.04933333333333336,-0.0566446697845401,-0.05060420673821363,-0.048051948051948054,,0.0036027635491931997,2.1596560108173044,0.02448833824277097
banking77,margin,21,100,100,9,0.164,0.15515873015873013,0.09090294626008912,0.11196471306471306,0.15112863327149043,,57.0,0.76,0.9762924706036112,11.613782633172047,0.10236874009961924,57,0.7402597402597403,57,0.7402597402597403,20,0.2597402597402597,20,0.2597402597402597,0.256,20,0.5263157894736842,0.00164,0.0009090294626008912,0.39637210000364576,50,0,0.16599999999999998,0.15804497354497354,0.09549672389103415,0.11403352160625337,0.15393990929705215,,0.9751771119208278,11.54802453179747,0.11603174506792854,0.052000000000000005,0.015936507936507915,-0.0019783708232970904,0.023031642368930516,0.015522572665429835,,-0.002818793509067552,0.10719923084180394,0.045032384866709144
banking77,margin,21,200,200,9,0.216,0.21084126984126983,0.1415083239138814,0.16404870589121687,0.20536487322201605,,47.0,0.6266666666666667,0.964168182276885,7.497359851690746,0.1639770790251294,70,0.9090909090909091,70,0.9090909090909091,7,0.09090909090909091,7,0.09090909090909091,0.12,13,0.22807017543859648,0.00108,0.0007075416195694071,0.6345513999985997,100,0,0.16599999999999998,0.15804497354497354,0.09549672389103415,0.11403352160625337,0.15393990929705215,,0.9751771119208278,11.54802453179747,0.11603174506792854,-0.04000000000000001,-0.07071428571428573,-0.0665716828292269,-0.046348567423703524,-0.06887755102040818,,-0.0009936989529878426,2.064253277849451,-0.038936841290445084
banking77,mix_interleaved_class_group_random,21,50,50,9,0.036,0.04777777777777778,0.031621329058869094,0.0236752509075379,0.046536796536796536,,68.0,0.9066666666666666,0.9945612597166881,19.08873589154165,0.06066285206244961,38,0.4935064935064935,38,0.4935064935064935,39,0.5064935064935064,39,0.5064935064935064,0.504,29,0.8787878787878788,0.0007199999999999999,0.0006324265811773819,0.10699459999159444,41,0,0.12066666666666666,0.15127777777777776,0.09089873542413478,0.08185109601546385,0.1473484848484848,,0.9787345806482426,12.33655069967554,0.07226738207560202,-0.052,-0.06266666666666669,-0.042278197463845826,-0.04713853449162306,-0.06103896103896104,,0.004315128105517485,1.7963123144717592,0.024021098246765966
banking77,mix_interleaved_class_group_random,21,100,100,9,0.112,0.13522222222222222,0.08365568322892945,0.07409205910159256,0.1317099567099567,,59.0,0.7866666666666666,0.9831148730060566,13.107833425921145,0.04627042440563707,53,0.6883116883116883,53,0.6883116883116883,24,0.3116883116883117,24,0.3116883116883117,0.304,15,0.46875,0.0011200000000000001,0.0008365568322892946,0.11234459999832325,50,0,0.12066666666666666,0.15127777777777776,0.09089873542413478,0.08185109601546385,0.1473484848484848,,0.9787345806482426,12.33655069967554,0.07226738207560202,0.0,-0.0040000000000000036,-0.009225633854456752,-0.01484101159418999,-0.0038961038961038974,,0.004003608893377808,1.601250023590902,-0.01106593082727303
banking77,mix_interleaved_class_group_random,21,200,200,9,0.176,0.2271111111111111,0.1314020168995756,0.12257757394023377,0.2212121212121212,,49.0,0.6533333333333333,0.9642508025772987,7.803534014374076,0.11706508358712563,68,0.8831168831168831,68,0.8831168831168831,9,0.11688311688311688,9,0.11688311688311688,0.128,15,0.29411764705882354,0.0008799999999999999,0.000657010084497878,0.135107500012964,100,0,0.12066666666666666,0.15127777777777776,0.09089873542413478,0.08185109601546385,0.1473484848484848,,0.9787345806482426,12.33655069967554,0.07226738207560202,-0.08000000000000002,-0.05444444444444446,-0.07667798984353272,-0.08781969937468662,-0.05303030303030304,,-0.0009110786525742265,2.370427440532781,-0.08584883672844885
banking77,random,21,50,50,9,0.088,0.11044444444444447,0.07389952652271492,0.07081378539916096,0.10757575757575757,,58.0,0.7733333333333333,0.9902461316111706,17.29242357706989,0.036641753815683645,43,0.5584415584415584,43,0.5584415584415584,34,0.44155844155844154,34,0.44155844155844154,0.444,34,0.918918918918919,0.0017599999999999998,0.0014779905304542983,0.09287239999684971,41,0,0.156,0.18187037037037038,0.1281172485431817,0.1264012573527249,0.1771464646464646,,0.9763172810681588,10.446397821957202,0.10241311002426048,0.0,0.0,0.0,0.0,0.0,,0.0,0.0,0.0
banking77,random,21,100,100,9,0.112,0.13922222222222222,0.0928813170833862,0.08893307069578255,0.1356060606060606,,56.0,0.7466666666666667,0.9791112641126788,11.506583402330243,0.0573363552329101,56,0.7272727272727273,56,0.7272727272727273,21,0.2727272727272727,21,0.2727272727272727,0.252,13,0.35135135135135137,0.0011200000000000001,0.000928813170833862,0.09597730000677984,50,0,0.156,0.18187037037037038,0.1281172485431817,0.1264012573527249,0.1771464646464646,,0.9763172810681588,10.446397821957202,0.10241311002426048,0.0,0.0,0.0,0.0,0.0,,0.0,0.0,0.0
banking77,random,21,200,200,9,0.256,0.28155555555555556,0.2080800067431083,0.2103972733149204,0.27424242424242423,,42.0,0.56,0.9651618812298729,5.433106573841295,0.20291392031557448,75,0.974025974025974,75,0.974025974025974,2,0.025974025974025976,2,0.025974025974025976,0.048,19,0.3392857142857143,0.00128,0.0010404000337155416,0.18930189999809954,100,0,0.156,0.18187037037037038,0.1281172485431817,0.1264012573527249,0.1771464646464646,,0.9763172810681588,10.446397821957202,0.10241311002426048,0.0,0.0,0.0,0.0,0.0,,0.0,0.0,0.0
banking77,adaptive_uncertainty_diversity,34,50,50,9,0.084,0.07200000000000001,0.02777471982219904,0.03257930301230588,0.07012987012987014,,66.0,0.88,0.9959304726223781,21.15058047661487,0.055355447776785804,35,0.45454545454545453,35,0.45454545454545453,42,0.5454545454545454,42,0.5454545454545454,0.572,26,0.8666666666666667,0.00168,0.0005554943964439809,0.08762740000383928,41,0,0.14266666666666666,0.1477222222222222,0.08639614353220197,0.08996175236708322,0.14388528138528137,,0.9775926594742514,13.507528360294671,0.08761033643159485,0.0,0.0,0.0,0.0,0.0,,0.0,0.0,0.0
banking77,adaptive_uncertainty_diversity,34,100,100,9,0.1,0.10477777777777778,0.05334238551871674,0.05182714707386662,0.10205627705627704,,61.0,0.8133333333333334,0.9823272921689656,13.943194105147548,0.03748480498604404,54,0.7012987012987013,54,0.7012987012987013,23,0.2987012987012987,23,0.2987012987012987,0.332,19,0.5,0.001,0.0005334238551871674,0.10345710000547115,50,0,0.14266666666666666,0.1477222222222222,0.08639614353220197,0.08996175236708322,0.14388528138528137,,0.9775926594742514,13.507528360294671,0.08761033643159485,0.0,0.0,0.0,0.0,0.0,,0.0,0.0,0.0
banking77,adaptive_uncertainty_diversity,34,200,200,9,0.236,0.25,0.1652874924074313,0.17585488498429674,0.24350649350649345,,47.0,0.6266666666666667,0.9613218038581169,9.032503684855255,0.1789260779273256,66,0.8571428571428571,66,0.8571428571428571,11,0.14285714285714285,11,0.14285714285714285,0.172,12,0.2926829268292683,0.0011799999999999998,0.0008264374620371564,1.2847838000016054,100,0,0.14266666666666666,0.1477222222222222,0.08639614353220197,0.08996175236708322,0.14388528138528137,,0.9775926594742514,13.507528360294671,0.08761033643159485,0.088,0.09555555555555556,0.08924322966892972,0.09956585774679079,0.093073593073593,,0.00018397743525100374,3.2861934891758846,0.09466771900751118
banking77,class_group_balanced_entropy,34,50,50,9,0.06,0.08377777777777777,0.03435584217982139,0.0340053664739756,0.0816017316017316,,66.0,0.88,0.9989821785878868,21.06496153884727,0.04543613116709609,36,0.4675324675324675,36,0.4675324675324675,41,0.5324675324675324,41,0.5324675324675324,0.568,27,0.9310344827586207,0.0012,0.0006871168435964278,0.10566780000226572,41,0,0.15466666666666667,0.16733333333333333,0.09454585775868943,0.10372717959538705,0.16298701298701299,,0.9725395093573969,12.768596879029634,0.09328063432500784,-0.024000000000000007,0.011777777777777762,0.00658112235762235,0.0014260634616697146,0.011471861471861466,,0.003051705965508744,-0.08561893776759888,-0.009919316609689713
banking77,class_group_balanced_entropy,34,100,100,9,0.14,0.14999999999999997,0.08036238653121772,0.09024678654678654,0.1461038961038961,,57.0,0.76,0.9773455770929477,14.378740513088376,0.06851535529719006,51,0.6623376623376623,51,0.6623376623376623,26,0.33766233766233766,26,0.33766233766233766,0.348,15,0.5,0.0014000000000000002,0.0008036238653121772,0.11014089999662247,50,0,0.15466666666666667,0.16733333333333333,0.09454585775868943,0.10372717959538705,0.16298701298701299,,0.9725395093573969,12.768596879029634,0.09328063432500784,0.04000000000000001,0.04522222222222219,0.027020001012500974,0.038419639472919924,0.04404761904761906,,-0.004981715076017967,0.4355464079408282,0.031030550311146023
banking77,class_group_balanced_entropy,34,200,200,9,0.224,0.23511111111111116,0.145916072389331,0.15880867572899351,0.229004329004329,,48.0,0.64,0.9521090731388259,6.205199098032708,0.15435080444569035,69,0.8961038961038961,69,0.8961038961038961,8,0.1038961038961039,8,0.1038961038961039,0.08,18,0.3673469387755102,0.0011200000000000001,0.000729580361946655,0.21192810000502504,100,0,0.15466666666666667,0.16733333333333333,0.09454585775868943,0.10372717959538705,0.16298701298701299,,0.9725395093573969,12.768596879029634,0.09328063432500784,0.07600000000000001,0.08066666666666672,0.06987180965082943,0.08251964849148756,0.07857142857142854,,-0.00902875328404007,0.4588889023533369,0.07009244552587594
banking77,coreset_kcenter,34,50,50,9,0.108,0.12377777777777778,0.07203575871748472,0.06611780907845817,0.12056277056277057,,60.0,0.8,0.9931841044722491,21.24567755454701,0.04216004116490349,35,0.45454545454545453,35,0.45454545454545453,42,0.5454545454545454,42,0.5454545454545454,0.576,26,0.8387096774193549,0.00216,0.0014407151743496944,0.15509109999402426,41,0,0.15133333333333332,0.16214814814814818,0.11082977015690851,0.11649564159327307,0.15793650793650793,,0.9786193130712786,13.245982852853611,0.0928210052161929,0.023999999999999994,0.05177777777777777,0.044261038895285675,0.03353850606615229,0.05043290043290043,,-0.002746368150128964,0.09509707793214162,-0.013195406611882315
banking77,coreset_kcenter,34,100,100,9,0.12,0.13488888888888892,0.08599816585503615,0.08837660176843387,0.13138528138528138,,58.0,0.7733333333333333,0.9829706602897224,14.6556475009492,0.058762137940370135,52,0.6753246753246753,52,0.6753246753246753,25,0.3246753246753247,25,0.3246753246753247,0.356,17,0.5,0.0012,0.0008599816585503615,0.4141465000138851,50,0,0.15133333333333332,0.16214814814814818,0.11082977015690851,0.11649564159327307,0.15793650793650793,,0.9786193130712786,13.245982852853611,0.0928210052161929,0.01999999999999999,0.030111111111111144,0.03265578033631941,0.03654945469456725,0.029329004329004343,,0.0006433681207567155,0.7124533958016528,0.021277332954326093
banking77,coreset_kcenter,34,200,200,9,0.22,0.22222222222222224,0.16747418232942896,0.18386311758793933,0.21645021645021648,,45.0,0.6,0.9648098965431273,7.131638529863527,0.16923978815557172,68,0.8831168831168831,68,0.8831168831168831,9,0.11688311688311688,9,0.11688311688311688,0.108,16,0.2857142857142857,0.0011,0.0008373709116471448,1.3642322000087006,100,0,0.15133333333333332,0.16214814814814818,0.11082977015690851,0.11649564159327307,0.15793650793650793,,0.9786193130712786,13.245982852853611,0.0928210052161929,0.07200000000000001,0.0677777777777778,0.09142991959092739,0.10757409035043337,0.06601731601731603,,0.0036720701202613837,1.3853283341841562,0.08498142923575731
banking77,entropy,34,50,50,9,0.128,0.12555555555555556,0.06809156748813527,0.06529069125017538,0.12229437229437229,,61.0,0.8133333333333334,0.9937593483674949,22.436776859861915,0.05512553773321077,31,0.4025974025974026,31,0.4025974025974026,46,0.5974025974025974,46,0.5974025974025974,0.616,22,0.8461538461538461,0.00256,0.0013618313497627055,0.1882396000000881,41,0,0.18799999999999997,0.18877777777777777,0.12877120495007338,0.13256458978076133,0.18387445887445888,,0.974344872705545,13.115323419578681,0.12749988020550768,0.044,0.05355555555555555,0.04031684766593623,0.032711388237869496,0.05216450216450215,,-0.0021711242548831944,1.286196383247045,-0.0002299100435750323
banking77,entropy,34,100,100,9,0.176,0.18377777777777776,0.1245142846010734,0.11816477690529764,0.17900432900432897,,54.0,0.72,0.9774686555198266,14.127092732349261,0.11619818129797276,52,0.6753246753246753,52,0.6753246753246753,25,0.3246753246753247,25,0.3246753246753247,0.34,21,0.6176470588235294,0.0017599999999999998,0.001245142846010734,0.47540579999622423,50,0,0.18799999999999997,0.18877777777777777,0.12877120495007338,0.13256458978076133,0.18387445887445888,,0.974344872705545,13.115323419578681,0.12749988020550768,0.07599999999999998,0.07899999999999999,0.07117189908235666,0.06633762983143102,0.07694805194805193,,-0.004858636649138992,0.1838986272017138,0.0787133763119287
banking77,entropy,34,200,200,9,0.236,0.22788888888888886,0.16549640420454234,0.1878012583592498,0.22196969696969698,,48.0,0.64,0.9599519606531478,6.936942730281191,0.18063959980295846,68,0.8831168831168831,68,0.8831168831168831,9,0.11688311688311688,9,0.11688311688311688,0.104,16,0.2909090909090909,0.0011799999999999998,0.0008274820210227117,0.9190229000087129,100,0,0.18799999999999997,0.18877777777777777,0.12877120495007338,0.13256458978076133,0.18387445887445888,,0.974344872705545,13.115323419578681,0.12749988020550768,0.088,0.07344444444444442,0.08945214146604077,0.11151223112174384,0.07153679653679654,,-0.0011858657697181307,1.1906325346018205,0.09638124088314405
banking77,least_confidence,34,50,50,9,0.072,0.07822222222222222,0.03768829033283272,0.040531534334438145,0.0761904761904762,,66.0,0.88,1.0048826044337547,23.829333800013323,0.07362769412581953,29,0.37662337662337664,29,0.37662337662337664,48,0.6233766233766234,48,0.6233766233766234,0.66,20,0.8,0.0014399999999999999,0.0007537658066566543,0.18698369999765418,41,0,0.14133333333333334,0.15481481481481482,0.09262442944788987,0.10777260336105877,0.15079365079365079,,0.9781772964484738,15.710909156770388,0.08646409202452542,-0.01200000000000001,0.006222222222222212,0.009913570510633678,0.007952231322132262,0.006060606060606058,,0.008952131811376551,2.6787533233984533,0.018272246349033724
banking77,least_confidence,34,100,100,9,0.12,0.14355555555555555,0.08152189241199898,0.0859013217126174,0.13982683982683983,,59.0,0.7866666666666666,0.9821976984857035,17.018277770337846,0.051137585732420346,46,0.5974025974025974,46,0.5974025974025974,31,0.4025974025974026,31,0.4025974025974026,0.436,17,0.4857142857142857,0.0012,0.0008152189241199898,0.43515829999523703,50,0,0.14133333333333334,0.15481481481481482,0.09262442944788987,0.10777260336105877,0.15079365079365079,,0.9781772964484738,15.710909156770388,0.08646409202452542,0.01999999999999999,0.03877777777777777,0.028179506893282233,0.03407417463875078,0.03777056277056279,,-0.00012959368326215248,3.0750836651902986,0.013652780746376304
banking77,least_confidence,34,200,200,9,0.208,0.20999999999999996,0.1367463045592548,0.17420006034703123,0.20454545454545453,,48.0,0.64,0.9587940393999888,9.69064391479773,0.14587205041203596,64,0.8311688311688312,64,0.8311688311688312,13,0.16883116883116883,13,0.16883116883116883,0.196,18,0.3050847457627119,0.00104,0.000683731522796274,0.6411313999997219,100,0,0.14133333333333334,0.15481481481481482,0.09262442944788987,0.10777260336105877,0.15079365079365079,,0.9781772964484738,15.710909156770388,0.08646409202452542,0.06,0.055555555555555525,0.06070204182075323,0.09791103310952527,0.054112554112554084,,-0.002343787022877186,3.94433371911836,0.06161369149222155
banking77,margin,34,50,50,9,0.1,0.11044444444444444,0.052642925676441535,0.055377034640547856,0.10757575757575755,,62.0,0.8266666666666667,1.0021700455834746,23.706417040666757,0.04240050730823002,29,0.37662337662337664,29,0.37662337662337664,48,0.6233766233766234,48,0.6233766233766234,0.656,20,0.8,0.002,0.0010528585135288306,0.19931119999091607,41,0,0.16133333333333333,0.16929629629629628,0.09474266187342148,0.10398797253775385,0.1648989898989899,,0.9747115886103986,14.418106135678608,0.09260326669717636,0.016,0.038444444444444434,0.024868205854242494,0.022797731628241974,0.03744588744588741,,0.006239572961096451,2.555836564051887,-0.012954940468555783
banking77,margin,34,100,100,9,0.148,0.15377777777777776,0.0721031616444714,0.07797500230266188,0.14978354978354977,,59.0,0.7866666666666666,0.976036179916844,15.217994711774677,0.07360888316349097,50,0.6493506493506493,50,0.6493506493506493,27,0.35064935064935066,27,0.35064935064935066,0.376,21,0.5526315789473685,0.00148,0.0007210316164447141,0.3545483000052627,50,0,0.16133333333333333,0.16929629629629628,0.09474266187342148,0.10398797253775385,0.1648989898989899,,0.9747115886103986,14.418106135678608,0.09260326669717636,0.04799999999999999,0.04899999999999999,0.018760776125754663,0.026147855228795265,0.04772727272727273,,-0.0062911122521216445,1.2748006066271298,0.03612407817744693
banking77,margin,34,200,200,9,0.212,0.22199999999999998,0.14975178031533656,0.16731289683899483,0.21623376623376622,,46.0,0.6133333333333333,0.9589954731641923,8.57411781904043,0.14619622169217766,67,0.8701298701298701,67,0.8701298701298701,10,0.12987012987012986,10,0.12987012987012986,0.156,17,0.3090909090909091,0.00106,0.0007487589015766829,0.678843700006837,100,0,0.16133333333333333,0.16929629629629628,0.09474266187342148,0.10398797253775385,0.1648989898989899,,0.9747115886103986,14.418106135678608,0.09260326669717636,0.064,0.06755555555555554,0.073707517576835,0.09102386960148888,0.06580086580086578,,-0.002142353258673624,2.8278076233610587,0.06193786277236325
banking77,mix_interleaved_class_group_random,34,50,50,9,0.048,0.06866666666666665,0.025733934175492617,0.027678077478077472,0.06688311688311688,,67.0,0.8933333333333333,1.0008607397067404,21.568085968031845,0.05198423413335433,36,0.4675324675324675,36,0.4675324675324675,41,0.5324675324675324,41,0.5324675324675324,0.584,27,0.9,0.00096,0.0005146786835098523,0.1083366999955615,41,0,0.11866666666666664,0.12907407407407404,0.06748967475667246,0.07738788945259534,0.1257215007215007,,0.977633689498839,13.56925859723946,0.0654829343728799,-0.036000000000000004,-0.003333333333333355,-0.0020407856467064243,-0.00490122553422841,-0.0032467532467532617,,0.004930267084362283,0.4175054914169749,-0.0033712136434314727
banking77,mix_interleaved_class_group_random,34,100,100,9,0.104,0.11133333333333333,0.054554627530181386,0.06356683969625146,0.10844155844155844,,59.0,0.7866666666666666,0.982689307788124,15.501176245677282,0.03944160013277652,50,0.6493506493506493,50,0.6493506493506493,27,0.35064935064935066,27,0.35064935064935066,0.384,14,0.4117647058823529,0.00104,0.0005455462753018138,0.1252020999963861,50,0,0.11866666666666664,0.12907407407407404,0.06748967475667246,0.07738788945259534,0.1257215007215007,,0.977633689498839,13.56925859723946,0.0654829343728799,0.00399999999999999,0.006555555555555551,0.001212242011464644,0.011739692622384841,0.006385281385281397,,0.00036201561915838454,1.5579821405297345,0.0019567951467324776
banking77,mix_interleaved_class_group_random,34,200,200,9,0.176,0.18588888888888885,0.10777011588699902,0.12297437007437007,0.18106060606060606,,50.0,0.6666666666666666,0.9584367369609604,6.671968439186533,0.11129428585279771,70,0.9090909090909091,70,0.9090909090909091,7,0.09090909090909091,7,0.09090909090909091,0.092,20,0.37735849056603776,0.0008799999999999999,0.0005388505794349951,0.21232050000980962,100,0,0.11866666666666664,0.12907407407407404,0.06748967475667246,0.07738788945259534,0.1257215007215007,,0.977633689498839,13.56925859723946,0.0654829343728799,0.027999999999999997,0.031444444444444414,0.03172585314849745,0.04668534283686411,0.030627705627705615,,-0.0027010894619055037,0.9256582435071623,0.027035926932983304
banking77,random,34,50,50,9,0.084,0.07200000000000001,0.02777471982219904,0.03257930301230588,0.07012987012987014,,66.0,0.88,0.9959304726223781,21.15058047661487,0.055355447776785804,35,0.45454545454545453,35,0.45454545454545453,42,0.5454545454545454,42,0.5454545454545454,0.572,26,0.8666666666666667,0.00168,0.0005554943964439809,0.09131720000004862,41,0,0.11333333333333333,0.11587037037037037,0.0566484003092254,0.05677313311815295,0.11286075036075036,,0.9775313336625011,12.412130530569375,0.05605443009575779,0.0,0.0,0.0,0.0,0.0,,0.0,0.0,0.0
banking77,random,34,100,100,9,0.1,0.10477777777777778,0.05334238551871674,0.05182714707386662,0.10205627705627704,,61.0,0.8133333333333334,0.9823272921689656,13.943194105147548,0.03748480498604404,54,0.7012987012987013,54,0.7012987012987013,23,0.2987012987012987,23,0.2987012987012987,0.332,19,0.5,0.001,0.0005334238551871674,0.09787389999837615,50,0,0.11333333333333333,0.11587037037037037,0.0566484003092254,0.05677313311815295,0.11286075036075036,,0.9775313336625011,12.412130530569375,0.05605443009575779,0.0,0.0,0.0,0.0,0.0,,0.0,0.0,0.0
banking77,random,34,200,200,9,0.148,0.15444444444444444,0.07604426273850157,0.07628902723750595,0.15043290043290045,,58.0,0.7733333333333333,0.9611378264228659,5.746310195679371,0.08425835891981441,73,0.948051948051948,73,0.948051948051948,4,0.05194805194805195,4,0.05194805194805195,0.06,19,0.3392857142857143,0.00074,0.0003802213136925078,0.29029459999583196,100,0,0.11333333333333333,0.11587037037037037,0.0566484003092254,0.05677313311815295,0.11286075036075036,,0.9775313336625011,12.412130530569375,0.05605443009575779,0.0,0.0,0.0,0.0,0.0,,0.0,0.0,0.0
