dataset,strategy,seed,budget,requested_budget,initial_seed_size,accuracy,balanced_accuracy,macro_f1,weighted_f1,macro_recall,rare_recall,zero_recall_class_count,zero_recall_class_fraction,multiclass_brier_score,nll,ece,label_coverage_count,label_coverage_fraction,class_coverage_count,class_coverage_fraction,missing_label_count,missing_label_fraction,missing_class_count,missing_class_fraction,missing_test_support_weighted_fraction,new_labels_selected_count,new_labels_selected_fraction,accuracy_per_label,macro_f1_per_label,runtime_seconds,selected_count,rare_selected_count,aulc_accuracy,aulc_balanced_accuracy,aulc_macro_f1,aulc_weighted_f1,aulc_macro_recall,aulc_rare_recall,aulc_multiclass_brier_score,aulc_nll,aulc_ece,lift_accuracy_vs_random,lift_balanced_accuracy_vs_random,lift_macro_f1_vs_random,lift_weighted_f1_vs_random,lift_macro_recall_vs_random,lift_rare_recall_vs_random,lift_multiclass_brier_score_vs_random,lift_nll_vs_random,lift_ece_vs_random
banking77,adaptive_uncertainty_diversity,13,50,50,9,0.076,0.06933621933621933,0.04242824045255656,0.0423910061569636,0.06933621933621933,,65.0,0.8441558441558441,0.9902390558284758,17.77685072502717,0.026636115838280836,43,0.5584415584415584,43,0.5584415584415584,34,0.44155844155844154,34,0.44155844155844154,0.46,34,0.9714285714285714,0.0015199999999999999,0.0008485648090511312,0.3537083999981405,41,0,0.23199999999999996,0.24671128191536354,0.20025988890784374,0.19457694384003685,0.24671128191536354,,0.9618833078107116,8.580798282232202,0.17995918005390185,-0.036000000000000004,-0.051504844361987226,-0.03754334112866286,-0.048453300833597286,-0.051504844361987226,,-0.007028524332070463,-3.3765511351272046,-0.01676857703668065
banking77,adaptive_uncertainty_diversity,13,100,100,9,0.092,0.11484230055658626,0.07120013945049686,0.060597971526202346,0.11484230055658626,,61.0,0.7922077922077922,0.9843336578521784,13.029654781595495,0.03905045525738116,57,0.7402597402597403,57,0.7402597402597403,20,0.2597402597402597,20,0.2597402597402597,0.3,14,0.4375,0.00092,0.0007120013945049686,0.9234368999968865,50,0,0.23199999999999996,0.24671128191536354,0.20025988890784374,0.19457694384003685,0.24671128191536354,,0.9618833078107116,8.580798282232202,0.17995918005390185,-0.020000000000000004,-0.03234384662956094,-0.00016342994042793657,-0.005186446941890577,-0.03234384662956094,,0.0013751863543917109,-0.21054683737254187,-0.010782360532594931
banking77,adaptive_uncertainty_diversity,13,200,200,9,0.24,0.2642857142857143,0.2236192474228566,0.20049670957211674,0.2642857142857143,,44.0,0.5714285714285714,0.9612465417831296,9.090330648455557,0.18833630648759972,67,0.8701298701298701,67,0.8701298701298701,10,0.12987012987012986,10,0.12987012987012986,0.176,10,0.22727272727272727,0.0012,0.001118096237114283,2.333740399997623,100,0,0.23199999999999996,0.24671128191536354,0.20025988890784374,0.19457694384003685,0.24671128191536354,,0.9618833078107116,8.580798282232202,0.17995918005390185,0.055999999999999994,0.046969696969696995,0.0672427955918593,0.04979009396550113,0.046969696969696995,,-0.00498188330651872,2.0457620061105484,0.06420944194757074
banking77,adaptive_uncertainty_diversity,13,300,300,9,0.304,0.3155844155844155,0.2622253758687758,0.2585030262822833,0.3155844155844155,,40.0,0.5194805194805194,0.9499976023118125,4.701799316196388,0.25236979326001,75,0.974025974025974,75,0.974025974025974,2,0.025974025974025976,2,0.025974025974025976,0.032,8,0.17777777777777778,0.0010133333333333333,0.0008740845862292527,3.0523765000034473,100,0,0.23199999999999996,0.24671128191536354,0.20025988890784374,0.19457694384003685,0.24671128191536354,,0.9618833078107116,8.580798282232202,0.17995918005390185,-0.0040000000000000036,-0.041754277468563195,-0.015679058489153685,-0.008196719699876065,-0.041754277468563195,,-0.0015501580234771328,0.46516946326773123,-0.0022081421616951258
banking77,adaptive_uncertainty_diversity,13,400,400,9,0.36,0.360307153164296,0.3021156463696176,0.33194667480367274,0.360307153164296,,33.0,0.42857142857142855,0.9390748517925916,4.04842051141469,0.3064083200768812,76,0.987012987012987,76,0.987012987012987,1,0.012987012987012988,1,0.012987012987012988,0.016,1,0.0196078431372549,0.0009,0.0007552891159240439,3.0529763999948045,100,0,0.23199999999999996,0.24671128191536354,0.20025988890784374,0.19457694384003685,0.24671128191536354,,0.9618833078107116,8.580798282232202,0.17995918005390185,0.016000000000000014,0.00855493712636568,0.0209889101983467,0.03708038920106177,0.00855493712636568,,0.00478278101291163,0.0001273062302811212,0.022520056304623393
banking77,badge,13,50,50,9,0.052,0.04696969696969697,0.026795426795426798,0.030256410256410255,0.04696969696969697,,69.0,0.8961038961038961,0.9928138414024942,18.021269753701038,0.01058987287929371,41,0.5324675324675324,41,0.5324675324675324,36,0.4675324675324675,36,0.4675324675324675,0.468,32,0.9142857142857143,0.00104,0.000535908535908536,1.2442625999974553,41,0,0.2357142857142857,0.24614070736519716,0.1851357774553801,0.20068573053281938,0.24614070736519716,,0.9628075407854749,6.948691414361485,0.18796098991860807,-0.060000000000000005,-0.0738713667285096,-0.05317615478579262,-0.06058789673415063,-0.0738713667285096,,-0.004453738758052106,-3.132132106453337,-0.03281481999566778
banking77,badge,13,100,100,9,0.128,0.1417748917748918,0.08026629455200883,0.0839157916157916,0.1417748917748918,,60.0,0.7792207792207793,0.9795772337336496,11.028796987420174,0.08116433298356303,56,0.7272727272727273,56,0.7272727272727273,21,0.2727272727272727,21,0.2727272727272727,0.236,15,0.39473684210526316,0.00128,0.0008026629455200883,2.375327499998093,50,0,0.2357142857142857,0.24614070736519716,0.1851357774553801,0.20068573053281938,0.24614070736519716,,0.9628075407854749,6.948691414361485,0.18796098991860807,0.016,-0.0054112554112553946,0.008902725161084035,0.01813137314769868,-0.0054112554112553946,,-0.003381237764137124,-2.211404631547863,0.031331517193586934
banking77,badge,13,200,200,9,0.26,0.25274170274170277,0.18527387871649087,0.2301827539375207,0.25274170274170277,,45.0,0.5844155844155844,0.9627196389282976,5.183458175601917,0.2151098556566187,73,0.948051948051948,73,0.948051948051948,4,0.05194805194805195,4,0.05194805194805195,0.044,17,0.288135593220339,0.0013,0.0009263693935824543,3.2482935000007274,100,0,0.2357142857142857,0.24614070736519716,0.1851357774553801,0.20068573053281938,0.24614070736519716,,0.9628075407854749,6.948691414361485,0.18796098991860807,0.07600000000000001,0.03542568542568547,0.02889742688549357,0.07947613833090508,0.03542568542568547,,-0.003508786161350752,-1.8611104667430922,0.09098299111658971
banking77,badge,13,300,300,9,0.284,0.300556586270872,0.24045804552759573,0.25248732693548953,0.300556586270872,,41.0,0.5324675324675324,0.9532823673738787,4.326700500184118,0.2343345881960401,75,0.974025974025974,75,0.974025974025974,2,0.025974025974025976,2,0.025974025974025976,0.02,2,0.034482758620689655,0.0009466666666666666,0.000801526818425319,3.9060039000032702,100,0,0.2357142857142857,0.24614070736519716,0.1851357774553801,0.20068573053281938,0.24614070736519716,,0.9628075407854749,6.948691414361485,0.18796098991860807,-0.02400000000000002,-0.05678210678210671,-0.03744638883033377,-0.01421241904666981,-0.05678210678210671,,0.0017346070385890755,0.09007064725546154,-0.020243347225665037
banking77,badge,13,400,400,9,0.344,0.3802411873840445,0.3106894384737606,0.2984580594318226,0.3802411873840445,,31.0,0.4025974025974026,0.9418760015922503,4.06669219097754,0.2897966058099474,76,0.987012987012987,76,0.987012987012987,1,0.012987012987012988,1,0.012987012987012988,0.016,1,0.017543859649122806,0.00086,0.0007767235961844015,4.275260000002163,100,0,0.2357142857142857,0.24614070736519716,0.1851357774553801,0.20068573053281938,0.24614070736519716,,0.9628075407854749,6.948691414361485,0.18796098991860807,0.0,0.028488971346114167,0.02956270230248975,0.0035917738292116086,0.028488971346114167,,0.00758393081257025,0.01839898579313104,0.00590834203768964
banking77,class_group_balanced_entropy,13,50,50,9,0.064,0.049134199134199134,0.02716596285021132,0.03846559600571375,0.049134199134199134,,69.0,0.8961038961038961,0.991922919996864,19.936814678491583,0.0498133106956163,37,0.4805194805194805,37,0.4805194805194805,40,0.5194805194805194,40,0.5194805194805194,0.532,28,0.9032258064516129,0.00128,0.0005433192570042264,0.19468359999882523,41,0,0.24399999999999997,0.23562593868716317,0.16628077492507076,0.18592104805320864,0.23562593868716317,,0.9604586322370641,8.507871592921948,0.18939679940670445,-0.048,-0.07170686456400743,-0.0528056187310081,-0.052378710984847136,-0.07170686456400743,,-0.005344660163682291,-1.216587181662792,0.006408617820654813
banking77,class_group_balanced_entropy,13,100,100,9,0.16,0.13398268398268398,0.0734519724797399,0.10008175190451375,0.13398268398268398,,60.0,0.7792207792207793,0.976563984721462,14.563443256870816,0.09968004848155644,51,0.6623376623376623,51,0.6623376623376623,26,0.33766233766233766,26,0.33766233766233766,0.356,14,0.4375,0.0016,0.0007345197247973991,0.2854760999980499,50,0,0.24399999999999997,0.23562593868716317,0.16628077492507076,0.18592104805320864,0.23562593868716317,,0.9604586322370641,8.507871592921948,0.18939679940670445,0.048,-0.013203463203463217,0.0020884030888151106,0.03429733343642083,-0.013203463203463217,,-0.006394486776324704,1.323241637902779,0.04984723269158035
banking77,class_group_balanced_entropy,13,200,200,9,0.224,0.21978973407544836,0.15047903096661436,0.16098293091692148,0.21978973407544836,,50.0,0.6493506493506493,0.9632656408159519,8.17505536645746,0.16694780861366182,69,0.8961038961038961,69,0.8961038961038961,8,0.1038961038961039,8,0.1038961038961039,0.144,18,0.35294117647058826,0.0011200000000000001,0.0007523951548330718,0.25583800000458723,100,0,0.24399999999999997,0.23562593868716317,0.16628077492507076,0.18592104805320864,0.23562593868716317,,0.9604586322370641,8.507871592921948,0.18939679940670445,0.04000000000000001,0.0024737167594310605,-0.005897420864382941,0.010276315310305872,0.0024737167594310605,,-0.0029627842736964505,1.1304867241124512,0.042820944073632836
banking77,class_group_balanced_entropy,13,300,300,9,0.316,0.31719233147804576,0.2265395619291723,0.25429127909127913,0.31719233147804576,,41.0,0.5324675324675324,0.9503622521212423,3.9155396263088815,0.26048921856264495,76,0.987012987012987,76,0.987012987012987,1,0.012987012987012988,1,0.012987012987012988,0.004,7,0.14,0.0010533333333333334,0.000755131873097241,0.34535939999477705,100,0,0.24399999999999997,0.23562593868716317,0.16628077492507076,0.18592104805320864,0.23562593868716317,,0.9604586322370641,8.507871592921948,0.18939679940670445,0.008000000000000007,-0.040146361574932954,-0.0513648724287572,-0.01240846689088021,-0.040146361574932954,,-0.0011855082140473927,-0.3210902266197748,0.005911283140939805
banking77,class_group_balanced_entropy,13,400,400,9,0.356,0.3498763141620284,0.2861672985392065,0.3015434904964317,0.3498763141620284,,37.0,0.4805194805194805,0.9351472027044346,3.560338940368933,0.296476813424175,77,1.0,77,1.0,0,0.0,0,0.0,0.0,1,0.019230769230769232,0.00089,0.0007154182463480163,0.5575641000032192,100,0,0.24399999999999997,0.23562593868716317,0.16628077492507076,0.18592104805320864,0.23562593868716317,,0.9604586322370641,8.507871592921948,0.18939679940670445,0.01200000000000001,-0.0018759018759019197,0.005040562367935653,0.006677204893820732,-0.0018759018759019197,,0.0008551319247546152,-0.487954264815476,0.012588549651917191
banking77,entropy,13,50,50,9,0.148,0.11991341991341993,0.044358523705070395,0.05884421013313366,0.11991341991341993,,65.0,0.8441558441558441,0.9934039998470785,20.77896627714871,0.08765797129255594,36,0.4675324675324675,36,0.4675324675324675,41,0.5324675324675324,41,0.5324675324675324,0.56,27,0.84375,0.00296,0.0008871704741014079,0.2905306000029668,41,0,0.2257142857142857,0.23189548546691405,0.16319512027598645,0.17433809182147816,0.23189548546691405,,0.9641967143738882,8.92919922470847,0.1738302642390376,0.03599999999999999,-0.0009276437847866303,-0.035613057876149025,-0.032000096857427225,-0.0009276437847866303,,-0.003863580313467785,-0.3744355830056634,0.04425327841759445
banking77,entropy,13,100,100,9,0.156,0.13179756751185323,0.07486408162908618,0.10567447114073046,0.13179756751185323,,60.0,0.7792207792207793,0.9800822273474057,14.003054509965372,0.10470690927591425,52,0.6753246753246753,52,0.6753246753246753,25,0.3246753246753247,25,0.3246753246753247,0.336,16,0.48484848484848486,0.00156,0.0007486408162908618,0.6247330000041984,50,0,0.2257142857142857,0.23189548546691405,0.16319512027598645,0.17433809182147816,0.23189548546691405,,0.9641967143738882,8.92919922470847,0.1738302642390376,0.044,-0.015388579674293967,0.0035005122381613907,0.03989005267263754,-0.015388579674293967,,-0.0028762441503810132,0.7628528909973351,0.05487409348593816
banking77,entropy,13,200,200,9,0.164,0.19726860441146155,0.13191844165096017,0.13122853358267103,0.19726860441146155,,52.0,0.6753246753246753,0.968562058007672,8.120705813849588,0.11401736161258974,66,0.8571428571428571,66,0.8571428571428571,11,0.14285714285714285,11,0.14285714285714285,0.14,14,0.3111111111111111,0.00082,0.0006595922082548009,1.4041756999940844,100,0,0.2257142857142857,0.23189548546691405,0.16319512027598645,0.17433809182147816,0.23189548546691405,,0.9641967143738882,8.92919922470847,0.1738302642390376,-0.01999999999999999,-0.02004741290455575,-0.024458010180037126,-0.019478082023944576,-0.02004741290455575,,0.002333632918023687,1.0761371715045787,-0.010109502927439243
banking77,entropy,13,300,300,9,0.296,0.31434755720470003,0.22703632346489488,0.23176503866503867,0.31434755720470003,,40.0,0.5194805194805194,0.9519021157767433,5.386153492749902,0.2455403310036416,73,0.948051948051948,73,0.948051948051948,4,0.05194805194805195,4,0.05194805194805195,0.056,7,0.13725490196078433,0.0009866666666666667,0.000756787744882983,2.347559800000454,100,0,0.2257142857142857,0.23189548546691405,0.16319512027598645,0.17433809182147816,0.23189548546691405,,0.9641967143738882,8.92919922470847,0.1738302642390376,-0.01200000000000001,-0.04299113584827868,-0.05086811089303461,-0.03493470731712067,-0.04299113584827868,,0.0003543554414536798,1.149523639821246,-0.00903760441806356
banking77,entropy,13,400,400,9,0.352,0.34238301381158526,0.28998092740403064,0.3064456864772655,0.34238301381158526,,37.0,0.4805194805194805,0.9416233121037393,4.096611056237883,0.29680711488065115,76,0.987012987012987,76,0.987012987012987,1,0.012987012987012988,1,0.012987012987012988,0.016,3,0.057692307692307696,0.0008799999999999999,0.0007249523185100766,3.86432749999949,100,0,0.2257142857142857,0.23189548546691405,0.16319512027598645,0.17433809182147816,0.23189548546691405,,0.9641967143738882,8.92919922470847,0.1738302642390376,0.008000000000000007,-0.009369202226345075,0.008854191232759767,0.011579400874654533,-0.009369202226345075,,0.007331241324059268,0.04831785105347386,0.012918851108393359
banking77,random,13,50,50,9,0.112,0.12084106369820656,0.07997158158121942,0.09084430699056088,0.12084106369820656,,62.0,0.8051948051948052,0.9972675801605463,21.153401860154375,0.04340469287496149,34,0.44155844155844154,34,0.44155844155844154,43,0.5584415584415584,43,0.5584415584415584,0.572,25,0.8333333333333334,0.0022400000000000002,0.0015994316316243883,0.12776889999804553,41,0,0.2217142857142857,0.25460876991489234,0.1852456647751602,0.18196825571108297,0.25460876991489234,,0.9632737055652156,8.149670507751567,0.16253563340259586,0.0,0.0,0.0,0.0,0.0,,0.0,0.0,0.0
banking77,random,13,100,100,9,0.112,0.1471861471861472,0.0713635693909248,0.06578441846809292,0.1471861471861472,,61.0,0.7922077922077922,0.9829584714977867,13.240201618968037,0.049832815789976094,55,0.7142857142857143,55,0.7142857142857143,22,0.2857142857142857,22,0.2857142857142857,0.308,21,0.6176470588235294,0.0011200000000000001,0.000713635693909248,0.1226565999968443,50,0,0.2217142857142857,0.25460876991489234,0.1852456647751602,0.18196825571108297,0.25460876991489234,,0.9632737055652156,8.149670507751567,0.16253563340259586,0.0,0.0,0.0,0.0,0.0,,0.0,0.0,0.0
banking77,random,13,200,200,9,0.184,0.2173160173160173,0.1563764518309973,0.1507066156066156,0.2173160173160173,,50.0,0.6493506493506493,0.9662284250896483,7.044568642345009,0.12412686454002898,70,0.9090909090909091,70,0.9090909090909091,7,0.09090909090909091,7,0.09090909090909091,0.104,15,0.29411764705882354,0.00092,0.0007818822591549864,0.37938040000153705,100,0,0.2217142857142857,0.25460876991489234,0.1852456647751602,0.18196825571108297,0.25460876991489234,,0.9632737055652156,8.149670507751567,0.16253563340259586,0.0,0.0,0.0,0.0,0.0,,0.0,0.0,0.0
banking77,random,13,300,300,9,0.308,0.3573386930529787,0.2779044343579295,0.26669974598215934,0.3573386930529787,,38.0,0.4935064935064935,0.9515477603352896,4.236629852928656,0.25457793542170515,76,0.987012987012987,76,0.987012987012987,1,0.012987012987012988,1,0.012987012987012988,0.016,6,0.1,0.0010266666666666666,0.0009263481145264316,0.43631209999875864,100,0,0.2217142857142857,0.25460876991489234,0.1852456647751602,0.18196825571108297,0.25460876991489234,,0.9632737055652156,8.149670507751567,0.16253563340259586,0.0,0.0,0.0,0.0,0.0,,0.0,0.0,0.0
banking77,random,13,400,400,9,0.344,0.35175221603793033,0.2811267361712709,0.29486628560261097,0.35175221603793033,,39.0,0.5064935064935064,0.93429207077968,4.048293205184409,0.2838882637722578,76,0.987012987012987,76,0.987012987012987,1,0.012987012987012988,1,0.012987012987012988,0.016,0,0.0,0.00086,0.0007028168404281772,0.571504300001834,100,0,0.2217142857142857,0.25460876991489234,0.1852456647751602,0.18196825571108297,0.25460876991489234,,0.9632737055652156,8.149670507751567,0.16253563340259586,0.0,0.0,0.0,0.0,0.0,,0.0,0.0,0.0
banking77,adaptive_uncertainty_diversity,21,50,50,9,0.068,0.07933333333333334,0.04696392215208437,0.04605171977969932,0.07727272727272726,,64.0,0.8533333333333334,0.9958452692210495,19.822134949657308,0.0076627833515280925,35,0.45454545454545453,35,0.45454545454545453,42,0.5454545454545454,42,0.5454545454545454,0.528,26,0.7878787878787878,0.00136,0.0009392784430416874,0.6147434999948018,41,0,0.2322857142857143,0.24852380952380954,0.1875022685927553,0.1932784672594196,0.24206864564007421,,0.9643910166615183,7.454452792940635,0.1802389571648268,-0.01999999999999999,-0.03111111111111113,-0.02693560437063055,-0.02476206561946164,-0.030303030303030318,,0.005599137609878957,2.5297113725874176,-0.028978970464155554
banking77,adaptive_uncertainty_diversity,21,100,100,9,0.136,0.14066666666666666,0.08360571123784141,0.07710367406190836,0.13701298701298703,,57.0,0.76,0.977931684176299,10.804377393413757,0.08620358852821747,57,0.7402597402597403,57,0.7402597402597403,20,0.2597402597402597,20,0.2597402597402597,0.228,22,0.6111111111111112,0.00136,0.0008360571123784142,1.5012519999945653,50,0,0.2322857142857143,0.24852380952380954,0.1875022685927553,0.1932784672594196,0.24206864564007421,,0.9643910166615183,7.454452792940635,0.1802389571648268,0.024000000000000007,0.0014444444444444426,-0.009275605845544793,-0.011829396633874181,0.0014069264069264398,,-0.0011795799363797377,-0.7022060089164857,0.028867233295307368
banking77,adaptive_uncertainty_diversity,21,200,200,9,0.212,0.23041269841269837,0.1685832553429353,0.16850526164581894,0.2244279529993816,,47.0,0.6266666666666667,0.9676066886368441,6.370659817913977,0.16024611489522977,69,0.8961038961038961,69,0.8961038961038961,8,0.1038961038961039,8,0.1038961038961039,0.08,12,0.22641509433962265,0.00106,0.0008429162767146765,2.330960799998138,100,0,0.2322857142857143,0.24852380952380954,0.1875022685927553,0.1932784672594196,0.24206864564007421,,0.9643910166615183,7.454452792940635,0.1802389571648268,-0.04400000000000001,-0.051142857142857184,-0.039496751400173,-0.04189201166910145,-0.04981447124304264,,0.0024448074069711723,0.9375532440726824,-0.04266780542034471
banking77,adaptive_uncertainty_diversity,21,300,300,9,0.276,0.2877301587301587,0.2384057595780084,0.2560605453026506,0.280256648113791,,39.0,0.52,0.9555214002224482,4.698390977511093,0.2244878645246361,73,0.948051948051948,73,0.948051948051948,4,0.05194805194805195,4,0.05194805194805195,0.028,4,0.09523809523809523,0.00092,0.0007946858652600281,3.546452099995804,100,0,0.2322857142857143,0.24852380952380954,0.1875022685927553,0.1932784672594196,0.24206864564007421,,0.9643910166615183,7.454452792940635,0.1802389571648268,0.0,-0.02860317460317463,0.02861090697079577,0.03759490366459525,-0.02786023500309215,,0.0023238328650107,0.8837676648780799,0.001130663255277553
banking77,adaptive_uncertainty_diversity,21,400,400,9,0.412,0.45271428571428574,0.34964732237459517,0.3651362859362859,0.4409554730983303,,24.0,0.32,0.9396607780370697,3.925434394785011,0.3590679668459657,76,0.987012987012987,76,0.987012987012987,1,0.012987012987012988,1,0.012987012987012988,0.012,3,0.06,0.0010299999999999999,0.000874118305936488,3.87882659999741,100,0,0.2322857142857143,0.24852380952380954,0.1875022685927553,0.1932784672594196,0.24206864564007421,,0.9643910166615183,7.454452792940635,0.1802389571648268,0.05199999999999999,0.05203174603174604,0.037175667045797056,0.04194624264624264,0.05068027210884357,,0.00023962313758552067,0.3196757085440276,0.058863474263981086
banking77,badge,21,50,50,9,0.072,0.07,0.035034504878727155,0.044460671014123695,0.06818181818181818,,66.0,0.88,0.9984970320959984,20.77213074853437,0.029719639448056265,32,0.4155844155844156,32,0.4155844155844156,45,0.5844155844155844,45,0.5844155844155844,0.56,23,0.8214285714285714,0.0014399999999999999,0.0007006900975745431,1.8981505999981891,41,0,0.24257142857142858,0.2550090702947846,0.18562053320526803,0.19376712078155747,0.24838545807933565,,0.962193840582631,8.15158606469497,0.18840346585396284,-0.016,-0.04044444444444446,-0.038865021643987765,-0.026353114385037263,-0.0393939393939394,,0.008250900484827794,3.4797071714644794,-0.00692211436762738
banking77,badge,21,100,100,9,0.116,0.11599999999999999,0.05938226671135478,0.07171035078368972,0.11298701298701298,,59.0,0.7866666666666666,0.9806044800205773,13.299750362528362,0.05283089426259764,51,0.6623376623376623,51,0.6623376623376623,26,0.33766233766233766,26,0.33766233766233766,0.312,19,0.475,0.00116,0.0005938226671135478,3.51659859999927,50,0,0.24257142857142858,0.2550090702947846,0.18562053320526803,0.19376712078155747,0.24838545807933565,,0.962193840582631,8.15158606469497,0.18840346585396284,0.0040000000000000036,-0.023222222222222227,-0.03349905037203143,-0.01722271991209283,-0.022619047619047608,,0.0014932159078985263,1.7931669601981195,-0.004505460970312458
banking77,badge,21,200,200,9,0.244,0.24980952380952384,0.1793825752381902,0.191964139128845,0.2433209647495362,,43.0,0.5733333333333334,0.9637019336468092,7.459636886516304,0.1905920763423315,68,0.8831168831168831,68,0.8831168831168831,9,0.11688311688311688,9,0.11688311688311688,0.12,17,0.29310344827586204,0.00122,0.000896912876190951,3.388713899999857,100,0,0.24257142857142858,0.2550090702947846,0.18562053320526803,0.19376712078155747,0.24838545807933565,,0.962193840582631,8.15158606469497,0.18840346585396284,-0.01200000000000001,-0.031746031746031717,-0.028697431504918103,-0.018433134186075395,-0.03092145949288802,,-0.00145994758306367,2.0265303126750087,-0.012321843973242985
banking77,badge,21,300,300,9,0.3,0.33468253968253964,0.25160480842880284,0.24667057171302695,0.3259894867037725,,33.0,0.44,0.9501314592806442,4.131139875833227,0.24873922872448812,73,0.948051948051948,73,0.948051948051948,4,0.05194805194805195,4,0.05194805194805195,0.012,5,0.09090909090909091,0.001,0.0008386826947626761,5.417549400001008,100,0,0.24257142857142858,0.2550090702947846,0.18562053320526803,0.19376712078155747,0.24838545807933565,,0.962193840582631,8.15158606469497,0.18840346585396284,0.023999999999999966,0.018349206349206282,0.041809955821590195,0.0282049300749716,0.017872603586889357,,-0.0030661080767933058,0.31651656320021404,0.025382027455129574
banking77,badge,21,400,400,9,0.4,0.4070793650793651,0.3307783125964944,0.3493045621045621,0.39650587507730367,,29.0,0.38666666666666666,0.9375348621446451,3.5438580101059944,0.346055489726176,77,1.0,77,1.0,0,0.0,0,0.0,0.0,4,0.07017543859649122,0.001,0.0008269457814912359,4.730517700001656,100,0,0.24257142857142858,0.2550090702947846,0.18562053320526803,0.19376712078155747,0.24838545807933565,,0.962193840582631,8.15158606469497,0.18840346585396284,0.040000000000000036,0.006396825396825401,0.018306657267696258,0.026114518814518872,0.0062306740878169675,,-0.0018862927548390918,-0.06190067613498895,0.045850997144191386
banking77,class_group_balanced_entropy,21,50,50,9,0.084,0.08641269841269841,0.041263734189442014,0.04741197721073497,0.08416821273964131,,63.0,0.84,0.9958551855511973,20.057380539212378,0.017268846131366877,35,0.45454545454545453,35,0.45454545454545453,42,0.5454545454545454,42,0.5454545454545454,0.536,26,0.8666666666666667,0.00168,0.0008252746837888403,0.18020380000234582,41,0,0.2568571428571429,0.2897619047619048,0.20401605384181265,0.20699885014413955,0.2822356215213358,,0.9611548080168076,8.048982425319467,0.20458791178631616,-0.00399999999999999,-0.024031746031746057,-0.032635792333272906,-0.023401808188425986,-0.023407544836116262,,0.005609053940026754,2.764956962142488,-0.019372907684316768
banking77,class_group_balanced_entropy,21,100,100,9,0.144,0.16377777777777777,0.09544948671742931,0.09950224512329775,0.1595238095238095,,53.0,0.7066666666666667,0.9793682273969807,13.797072118339601,0.08970808477796481,54,0.7012987012987013,54,0.7012987012987013,23,0.2987012987012987,23,0.2987012987012987,0.328,19,0.5277777777777778,0.0014399999999999999,0.000954494867174293,0.1491435999996611,50,0,0.2568571428571429,0.2897619047619048,0.20401605384181265,0.20699885014413955,0.2822356215213358,,0.9611548080168076,8.048982425319467,0.20458791178631616,0.03199999999999999,0.024555555555555553,0.002568169634043105,0.010569174427515204,0.02391774891774892,,0.0002569632843019143,2.2904887160093583,0.03237172954505471
banking77,class_group_balanced_entropy,21,200,200,9,0.276,0.30034920634920637,0.20408760553105373,0.20993965896504593,0.292547928262214,,37.0,0.49333333333333335,0.9602114944495512,5.810212398424006,0.22843289029508285,71,0.922077922077922,71,0.922077922077922,6,0.07792207792207792,6,0.07792207792207792,0.064,17,0.34,0.0013800000000000002,0.0010204380276552687,0.22477969999454217,100,0,0.2568571428571429,0.2897619047619048,0.20401605384181265,0.20699885014413955,0.2822356215213358,,0.9611548080168076,8.048982425319467,0.20458791178631616,0.020000000000000018,0.018793650793650807,-0.003992401212054575,-0.0004576143498744578,0.018305504019789753,,-0.0049503867803216695,0.3771058245827108,0.025518969979508366
banking77,class_group_balanced_entropy,21,300,300,9,0.3,0.35046031746031747,0.2596274576794057,0.25972474192474193,0.3413574520717378,,30.0,0.4,0.9516791359402882,5.045924799296389,0.25020223580629586,74,0.961038961038961,74,0.961038961038961,3,0.03896103896103896,3,0.03896103896103896,0.044,3,0.058823529411764705,0.001,0.0008654248589313523,0.4882227999987663,100,0,0.2568571428571429,0.2897619047619048,0.20401605384181265,0.20699885014413955,0.2822356215213358,,0.9611548080168076,8.048982425319467,0.20458791178631616,0.023999999999999966,0.03412698412698412,0.04983260507219306,0.041259100286686584,0.033240568954854666,,-0.0015184314171493574,1.231301486663376,0.026845034536937318
banking77,class_group_balanced_entropy,21,400,400,9,0.388,0.4378412698412698,0.336876153300905,0.33670379293908703,0.42646876932591216,,27.0,0.36,0.9373224614669035,3.906304134679884,0.3316485800688251,76,0.987012987012987,76,0.987012987012987,1,0.012987012987012988,1,0.012987012987012988,0.012,2,0.037037037037037035,0.00097,0.0008421903832522624,0.5185551999966265,100,0,0.2568571428571429,0.2897619047619048,0.20401605384181265,0.20699885014413955,0.2822356215213358,,0.9611548080168076,8.048982425319467,0.20458791178631616,0.028000000000000025,0.03715873015873011,0.024404497972106864,0.013513749649043783,0.03619356833642545,,-0.002098693432580734,0.30054544843890074,0.031444087486840466
banking77,entropy,21,50,50,9,0.06,0.06911111111111111,0.043467120386414745,0.047340854252551336,0.06731601731601732,,62.0,0.8266666666666667,0.998533565043404,20.171336168358707,0.03145127776597067,34,0.44155844155844154,34,0.44155844155844154,43,0.5584415584415584,43,0.5584415584415584,0.54,25,0.8064516129032258,0.0012,0.0008693424077282949,0.3330818999966141,41,0,0.2477142857142857,0.2749024943310658,0.2082390514543115,0.2107629859688535,0.2677621698029861,,0.9652589456623173,8.556262553822256,0.193889177283554,-0.027999999999999997,-0.04133333333333336,-0.030432406136300175,-0.023472931146609623,-0.04025974025974026,,0.008287433432233371,2.8789125912888167,-0.005190476049712976
banking77,entropy,21,100,100,9,0.128,0.13895238095238094,0.0931005502434074,0.10026617826617827,0.13534322820037106,,54.0,0.72,0.9820059808673542,14.025991047567908,0.06350637293312957,50,0.6493506493506493,50,0.6493506493506493,27,0.35064935064935066,27,0.35064935064935066,0.336,16,0.48484848484848486,0.00128,0.000931005502434074,0.5921015000058105,50,0,0.2477142857142857,0.2749024943310658,0.2082390514543115,0.2107629859688535,0.2677621698029861,,0.9652589456623173,8.556262553822256,0.193889177283554,0.016,-0.0002698412698412811,0.00021923316002118998,0.011333107570395726,-0.00026283240568952815,,0.0028947167546754526,2.5194076452376652,0.006170017700219466
banking77,entropy,21,200,200,9,0.216,0.2396031746031746,0.16864096985010554,0.16808580761684208,0.23337971552257267,,46.0,0.6133333333333333,0.9663133444945478,8.006437870072812,0.16134537538387467,67,0.8701298701298701,67,0.8701298701298701,10,0.12987012987012986,10,0.12987012987012986,0.136,17,0.3269230769230769,0.00108,0.0008432048492505277,1.4685882999983733,100,0,0.2477142857142857,0.2749024943310658,0.2082390514543115,0.2107629859688535,0.2677621698029861,,0.9652589456623173,8.556262553822256,0.193889177283554,-0.04000000000000001,-0.04195238095238096,-0.039439036893002766,-0.04231146569807831,-0.040862708719851565,,0.0011514632646748568,2.573331296231517,-0.04156854493169981
banking77,entropy,21,300,300,9,0.344,0.37882539682539684,0.3041252336259054,0.30834527311768684,0.36898577612863326,,30.0,0.4,0.9547668728634603,4.55634476576575,0.29332491045145176,76,0.987012987012987,76,0.987012987012987,1,0.012987012987012988,1,0.012987012987012988,0.024,9,0.17307692307692307,0.0011466666666666665,0.001013750778753018,2.673939499996777,100,0,0.2477142857142857,0.2749024943310658,0.2082390514543115,0.2107629859688535,0.2677621698029861,,0.9652589456623173,8.556262553822256,0.193889177283554,0.06799999999999995,0.06249206349206349,0.09433038101869273,0.08987963147963149,0.060868893011750136,,0.0015693055060227445,0.7417214531327363,0.06996770918209322
banking77,entropy,21,400,400,9,0.392,0.4444761904761905,0.3507565676698402,0.34840904578737386,0.43293135435992586,,26.0,0.3466666666666667,0.9423764310974706,3.6436179495474414,0.33689847103154563,77,1.0,77,1.0,0,0.0,0,0.0,0.0,1,0.018867924528301886,0.00098,0.0008768914191746005,3.794948499999009,100,0,0.2477142857142857,0.2749024943310658,0.2082390514543115,0.2107629859688535,0.2677621698029861,,0.9652589456623173,8.556262553822256,0.193889177283554,0.03200000000000003,0.04379365079365083,0.03828491234104209,0.02521900249733061,0.042656153370439154,,0.0029552761979864117,0.03785926330645806,0.036693978449561016
banking77,random,21,50,50,9,0.088,0.11044444444444447,0.07389952652271492,0.07081378539916096,0.10757575757575757,,58.0,0.7733333333333333,0.9902461316111706,17.29242357706989,0.036641753815683645,43,0.5584415584415584,43,0.5584415584415584,34,0.44155844155844154,34,0.44155844155844154,0.444,34,0.918918918918919,0.0017599999999999998,0.0014779905304542983,0.20580859999608947,41,0,0.2337142857142857,0.26578798185941044,0.18921330184512522,0.19281748170560703,0.25888439791501017,,0.9628471448641014,6.858186478745702,0.17958173507272254,0.0,0.0,0.0,0.0,0.0,,0.0,0.0,0.0
banking77,random,21,100,100,9,0.112,0.13922222222222222,0.0928813170833862,0.08893307069578255,0.1356060606060606,,56.0,0.7466666666666667,0.9791112641126788,11.506583402330243,0.0573363552329101,56,0.7272727272727273,56,0.7272727272727273,21,0.2727272727272727,21,0.2727272727272727,0.252,13,0.35135135135135137,0.0011200000000000001,0.000928813170833862,0.17583299999387236,50,0,0.2337142857142857,0.26578798185941044,0.18921330184512522,0.19281748170560703,0.25888439791501017,,0.9628471448641014,6.858186478745702,0.17958173507272254,0.0,0.0,0.0,0.0,0.0,,0.0,0.0,0.0
banking77,random,21,200,200,9,0.256,0.28155555555555556,0.2080800067431083,0.2103972733149204,0.27424242424242423,,42.0,0.56,0.9651618812298729,5.433106573841295,0.20291392031557448,75,0.974025974025974,75,0.974025974025974,2,0.025974025974025976,2,0.025974025974025976,0.048,19,0.3392857142857143,0.00128,0.0010404000337155416,0.3244018000041251,100,0,0.2337142857142857,0.26578798185941044,0.18921330184512522,0.19281748170560703,0.25888439791501017,,0.9628471448641014,6.858186478745702,0.17958173507272254,0.0,0.0,0.0,0.0,0.0,,0.0,0.0,0.0
banking77,random,21,300,300,9,0.276,0.31633333333333336,0.20979485260721265,0.21846564163805535,0.3081168831168831,,38.0,0.5066666666666667,0.9531975673574375,3.8146233126330134,0.22335720126935854,77,1.0,77,1.0,0,0.0,0,0.0,0.0,2,0.03571428571428571,0.00092,0.0006993161753573755,0.36309470000560395,100,0,0.2337142857142857,0.26578798185941044,0.18921330184512522,0.19281748170560703,0.25888439791501017,,0.9628471448641014,6.858186478745702,0.17958173507272254,0.0,0.0,0.0,0.0,0.0,,0.0,0.0,0.0
banking77,random,21,400,400,9,0.36,0.4006825396825397,0.3124716553287981,0.32319004329004325,0.3902752009894867,,27.0,0.36,0.9394211548994842,3.6057586862409834,0.3002044925819846,77,1.0,77,1.0,0,0.0,0,0.0,0.0,0,0.0,0.0009,0.0007811791383219953,0.5296746000021813,100,0,0.2337142857142857,0.26578798185941044,0.18921330184512522,0.19281748170560703,0.25888439791501017,,0.9628471448641014,6.858186478745702,0.17958173507272254,0.0,0.0,0.0,0.0,0.0,,0.0,0.0,0.0
banking77,adaptive_uncertainty_diversity,34,50,50,9,0.096,0.09311111111111112,0.04771372558698016,0.05650545043928503,0.0906926406926407,,65.0,0.8666666666666667,0.9959179721339269,21.05111007278261,0.032179969195479274,36,0.4675324675324675,36,0.4675324675324675,41,0.5324675324675324,41,0.5324675324675324,0.568,27,0.8709677419354839,0.00192,0.0009542745117396031,0.6621056000003591,41,0,0.2582857142857143,0.25699999999999995,0.1867135854935781,0.20881512910930544,0.25032467532467534,,0.9583076997535188,7.224801711499988,0.2018725746400953,0.011999999999999997,0.02111111111111111,0.019939005764781116,0.023926147426979148,0.02056277056277056,,-1.2500488451250291e-05,-0.09947040383226025,-0.02317547858130653
banking77,adaptive_uncertainty_diversity,34,100,100,9,0.144,0.13666666666666663,0.07552699635748167,0.07861289587605377,0.1331168831168831,,58.0,0.7733333333333333,0.977218754213591,11.746468787300161,0.09272575013898973,56,0.7272727272727273,56,0.7272727272727273,21,0.2727272727272727,21,0.2727272727272727,0.26,20,0.5405405405405406,0.0014399999999999999,0.0007552699635748167,1.844901900003606,50,0,0.2582857142857143,0.25699999999999995,0.1867135854935781,0.20881512910930544,0.25032467532467534,,0.9583076997535188,7.224801711499988,0.2018725746400953,0.043999999999999984,0.031888888888888856,0.022184610838764926,0.026785748802187155,0.031060606060606066,,-0.005108537955374692,-2.1967253178473864,0.05524094515294569
banking77,adaptive_uncertainty_diversity,34,200,200,9,0.256,0.2644444444444445,0.1962621769494672,0.21321531577037195,0.25757575757575757,,46.0,0.6133333333333333,0.959214769940856,5.186141638119978,0.2037579099369999,73,0.948051948051948,73,0.948051948051948,4,0.05194805194805195,4,0.05194805194805195,0.044,17,0.37777777777777777,0.00128,0.0009813108847473362,3.250269299998763,100,0,0.2582857142857143,0.25699999999999995,0.1867135854935781,0.20881512910930544,0.25032467532467534,,0.9583076997535188,7.224801711499988,0.2018725746400953,0.10800000000000001,0.11000000000000004,0.12021791421096564,0.13692628853286598,0.10714285714285712,,-0.001923056482009966,-0.5601685575593924,0.1194995510171855
banking77,adaptive_uncertainty_diversity,34,300,300,9,0.312,0.317,0.23463939598891598,0.2662358134619004,0.30876623376623374,,38.0,0.5066666666666667,0.9473300182122548,4.078532580799841,0.2543404962185377,76,0.987012987012987,76,0.987012987012987,1,0.012987012987012988,1,0.012987012987012988,0.012,3,0.061224489795918366,0.00104,0.0007821313199630533,4.3575330000021495,100,0,0.2582857142857143,0.25699999999999995,0.1867135854935781,0.20881512910930544,0.25032467532467534,,0.9583076997535188,7.224801711499988,0.2018725746400953,0.068,0.06455555555555553,0.06703997563166525,0.08355818050662037,0.06287878787878787,,0.001008792450964635,-0.5061816734246527,0.07599625926711093
banking77,adaptive_uncertainty_diversity,34,400,400,9,0.408,0.38455555555555554,0.3080445952485677,0.35663157626687036,0.37456709956709955,,34.0,0.4533333333333333,0.9312772045810608,3.899005325318732,0.3417326003633678,76,0.987012987012987,76,0.987012987012987,1,0.012987012987012988,1,0.012987012987012988,0.012,0,0.0,0.0010199999999999999,0.0007701114881214192,4.684815700005856,100,0,0.2582857142857143,0.25699999999999995,0.1867135854935781,0.20881512910930544,0.25032467532467534,,0.9583076997535188,7.224801711499988,0.2018725746400953,0.064,0.051222222222222225,0.05565547908638252,0.04741283827971138,0.049891774891774876,,0.00242786489432123,-0.22374827834407895,0.06979724191893344
banking77,badge,34,50,50,9,0.076,0.0911111111111111,0.023816374489295036,0.018944124558643614,0.08874458874458874,,67.0,0.8933333333333333,0.9989929807141321,21.637432701344892,0.07679436110033169,32,0.4155844155844156,32,0.4155844155844156,45,0.5844155844155844,45,0.5844155844155844,0.588,23,0.8214285714285714,0.0015199999999999999,0.0004763274897859007,2.254801099996257,41,0,0.22685714285714287,0.23457142857142854,0.16148308563539474,0.17777975131726415,0.2284786641929499,,0.9598284994435105,9.289503928112412,0.16766860072260067,-0.008000000000000007,0.019111111111111093,-0.003958345332904005,-0.013635178453662269,0.018614718614718598,,0.0030625080917540126,0.486852224730022,0.02143891332354589
banking77,badge,34,100,100,9,0.116,0.14044444444444446,0.06778585065445265,0.06514593881064468,0.1367965367965368,,60.0,0.8,0.9825829496075617,15.52308875214717,0.04775461835657619,51,0.6623376623376623,51,0.6623376623376623,26,0.33766233766233766,26,0.33766233766233766,0.384,19,0.475,0.00116,0.0006778585065445265,5.317736600001808,50,0,0.22685714285714287,0.23457142857142854,0.16148308563539474,0.17777975131726415,0.2284786641929499,,0.9598284994435105,9.289503928112412,0.16766860072260067,0.016,0.03566666666666668,0.014443465135735911,0.013318791736778059,0.034740259740259766,,0.0002556574385960131,1.5798946469996231,0.01026981337053215
banking77,badge,34,200,200,9,0.236,0.24333333333333337,0.1764045556935747,0.1881409037023049,0.23701298701298706,,48.0,0.64,0.9598765357404826,8.052042980287249,0.1773281221461899,67,0.8701298701298701,67,0.8701298701298701,10,0.12987012987012986,10,0.12987012987012986,0.14,16,0.27586206896551724,0.0011799999999999998,0.0008820227784678735,5.199188200000208,100,0,0.22685714285714287,0.23457142857142854,0.16148308563539474,0.17777975131726415,0.2284786641929499,,0.9598284994435105,9.289503928112412,0.16766860072260067,0.088,0.08888888888888893,0.10036029295507312,0.11185187646479895,0.08658008658008662,,-0.0012612906823833425,2.305732784607878,0.09306976322637549
banking77,badge,34,300,300,9,0.284,0.28577777777777774,0.20698333600648677,0.23457508385334472,0.2783549783549783,,42.0,0.56,0.9463521990473375,5.415013080513707,0.22274737605610154,74,0.961038961038961,74,0.961038961038961,3,0.03896103896103896,3,0.03896103896103896,0.056,7,0.11864406779661017,0.0009466666666666666,0.000689944453354956,5.8991113000010955,100,0,0.22685714285714287,0.23457142857142854,0.16148308563539474,0.17777975131726415,0.2284786641929499,,0.9598284994435105,9.289503928112412,0.16766860072260067,0.03999999999999998,0.03333333333333327,0.039383915649236045,0.05189745089806469,0.03246753246753242,,3.097328604728666e-05,0.830298826289213,0.04440313910467475
banking77,badge,34,400,400,9,0.336,0.32755555555555554,0.25001885282131353,0.291835313614261,0.319047619047619,,39.0,0.52,0.9329711117605248,3.98906589629176,0.26350010056859163,76,0.987012987012987,76,0.987012987012987,1,0.012987012987012988,1,0.012987012987012988,0.012,2,0.03636363636363636,0.00084,0.0006250471320532838,3.975056499999482,100,0,0.22685714285714287,0.23457142857142854,0.16148308563539474,0.17777975131726415,0.2284786641929499,,0.9598284994435105,9.289503928112412,0.16766860072260067,-0.007999999999999952,-0.005777777777777771,-0.002370263340871648,-0.01738342437289797,-0.005627705627705648,,0.004121772073785279,-0.13368770737105073,-0.008435257875842705
banking77,class_group_balanced_entropy,34,50,50,9,0.06,0.08377777777777777,0.03435584217982139,0.0340053664739756,0.0816017316017316,,66.0,0.88,0.9989821785878868,21.06496153884727,0.04543613116709609,36,0.4675324675324675,36,0.4675324675324675,41,0.5324675324675324,41,0.5324675324675324,0.568,27,0.9310344827586207,0.0012,0.0006871168435964278,0.24366120000195224,41,0,0.23142857142857143,0.23493650793650797,0.15584448910674215,0.18040926173666824,0.22883426097711812,,0.9508444458097397,8.142491293004925,0.1627192727351296,-0.024000000000000007,0.011777777777777762,0.00658112235762235,0.0014260634616697146,0.011471861471861466,,0.003051705965508744,-0.08561893776759888,-0.009919316609689713
banking77,class_group_balanced_entropy,34,100,100,9,0.14,0.14999999999999997,0.08036238653121772,0.09024678654678654,0.1461038961038961,,57.0,0.76,0.9773455770929477,14.378740513088376,0.06851535529719006,51,0.6623376623376623,51,0.6623376623376623,26,0.33766233766233766,26,0.33766233766233766,0.348,15,0.5,0.0014000000000000002,0.0008036238653121772,0.2496746000033454,50,0,0.23142857142857143,0.23493650793650797,0.15584448910674215,0.18040926173666824,0.22883426097711812,,0.9508444458097397,8.142491293004925,0.1627192727351296,0.04000000000000001,0.04522222222222219,0.027020001012500974,0.038419639472919924,0.04404761904761906,,-0.004981715076017967,0.4355464079408282,0.031030550311146023
banking77,class_group_balanced_entropy,34,200,200,9,0.224,0.23511111111111116,0.145916072389331,0.15880867572899351,0.229004329004329,,48.0,0.64,0.9521090731388259,6.205199098032708,0.15435080444569035,69,0.8961038961038961,69,0.8961038961038961,8,0.1038961038961039,8,0.1038961038961039,0.08,18,0.3673469387755102,0.0011200000000000001,0.000729580361946655,0.4953440000026603,100,0,0.23142857142857143,0.23493650793650797,0.15584448910674215,0.18040926173666824,0.22883426097711812,,0.9508444458097397,8.142491293004925,0.1627192727351296,0.07600000000000001,0.08066666666666672,0.06987180965082943,0.08251964849148756,0.07857142857142854,,-0.00902875328404007,0.4588889023533369,0.07009244552587594
banking77,class_group_balanced_entropy,34,300,300,9,0.296,0.28500000000000003,0.2055870160054403,0.2470085607146477,0.2775974025974026,,42.0,0.56,0.9327908007406379,4.48583950244317,0.22171867649769356,74,0.961038961038961,74,0.961038961038961,3,0.03896103896103896,3,0.03896103896103896,0.028,5,0.10638297872340426,0.0009866666666666667,0.0006852900533514676,0.3683792000010726,100,0,0.23142857142857143,0.23493650793650797,0.15584448910674215,0.18040926173666824,0.22883426097711812,,0.9508444458097397,8.142491293004925,0.1627192727351296,0.05199999999999999,0.03255555555555556,0.03798759564818957,0.06433092775936766,0.031709956709956744,,-0.01353042502065227,-0.09887475178132377,0.04337443954626677
banking77,class_group_balanced_entropy,34,400,400,9,0.34,0.33744444444444444,0.2501837460709152,0.2988574962122277,0.3286796536796537,,37.0,0.49333333333333335,0.920601917975886,3.5147703110265214,0.26140484872980624,77,1.0,77,1.0,0,0.0,0,0.0,0.0,3,0.0625,0.0008500000000000001,0.000625459365177288,1.0204519000035361,100,0,0.23142857142857143,0.23493650793650797,0.15584448910674215,0.18040926173666824,0.22883426097711812,,0.9508444458097397,8.142491293004925,0.1627192727351296,-0.003999999999999948,0.004111111111111121,-0.002205370091269976,-0.010361241774931307,0.00400432900432901,,-0.008247421710853575,-0.6079832926362894,-0.0105305097146281
banking77,entropy,34,50,50,9,0.128,0.12555555555555556,0.06809156748813527,0.06529069125017538,0.12229437229437229,,61.0,0.8133333333333334,0.9937593483674949,22.436776859861915,0.05512553773321077,31,0.4025974025974026,31,0.4025974025974026,46,0.5974025974025974,46,0.5974025974025974,0.616,22,0.8461538461538461,0.00256,0.0013618313497627055,0.49150250000093365,41,0,0.26,0.2529206349206349,0.18850960451070742,0.20782886686137525,0.2463512677798392,,0.9582438154308348,8.231004093649249,0.2003821326044324,0.044,0.05355555555555555,0.04031684766593623,0.032711388237869496,0.05216450216450215,,-0.0021711242548831944,1.286196383247045,-0.0002299100435750323
banking77,entropy,34,100,100,9,0.176,0.18377777777777776,0.1245142846010734,0.11816477690529764,0.17900432900432897,,54.0,0.72,0.9774686555198266,14.127092732349261,0.11619818129797276,52,0.6753246753246753,52,0.6753246753246753,25,0.3246753246753247,25,0.3246753246753247,0.34,21,0.6176470588235294,0.0017599999999999998,0.001245142846010734,0.9625115999951959,50,0,0.26,0.2529206349206349,0.18850960451070742,0.20782886686137525,0.2463512677798392,,0.9582438154308348,8.231004093649249,0.2003821326044324,0.07599999999999998,0.07899999999999999,0.07117189908235666,0.06633762983143102,0.07694805194805193,,-0.004858636649138992,0.1838986272017138,0.0787133763119287
banking77,entropy,34,200,200,9,0.236,0.22788888888888886,0.16549640420454234,0.1878012583592498,0.22196969696969698,,48.0,0.64,0.9599519606531478,6.936942730281191,0.18063959980295846,68,0.8831168831168831,68,0.8831168831168831,9,0.11688311688311688,9,0.11688311688311688,0.104,16,0.2909090909090909,0.0011799999999999998,0.0008274820210227117,1.9306624000018928,100,0,0.26,0.2529206349206349,0.18850960451070742,0.20782886686137525,0.2463512677798392,,0.9582438154308348,8.231004093649249,0.2003821326044324,0.088,0.07344444444444442,0.08945214146604077,0.11151223112174384,0.07153679653679654,,-0.0011858657697181307,1.1906325346018205,0.09638124088314405
banking77,entropy,34,300,300,9,0.328,0.3118888888888889,0.24624999395816813,0.2764177325942032,0.3037878787878788,,40.0,0.5333333333333333,0.9476965767498313,3.876572594974006,0.27207131886351354,76,0.987012987012987,76,0.987012987012987,1,0.012987012987012988,1,0.012987012987012988,0.004,8,0.14814814814814814,0.0010933333333333333,0.0008208333131938938,3.3308917000031215,100,0,0.26,0.2529206349206349,0.18850960451070742,0.20782886686137525,0.2463512677798392,,0.9582438154308348,8.231004093649249,0.2003821326044324,0.08400000000000002,0.05944444444444441,0.0786505736009174,0.09374009963892319,0.0579004329004329,,0.0013753509885411352,-0.7081416592504879,0.09372708191208676
banking77,entropy,34,400,400,9,0.364,0.35244444444444445,0.2752572246038532,0.3164715751396866,0.3432900432900433,,37.0,0.49333333333333335,0.9293269757463987,3.5809704765794876,0.2953930500845182,77,1.0,77,1.0,0,0.0,0,0.0,0.0,1,0.020833333333333332,0.00091,0.000688143061509633,4.920189199998276,100,0,0.26,0.2529206349206349,0.18850960451070742,0.20782886686137525,0.2463512677798392,,0.9582438154308348,8.231004093649249,0.2003821326044324,0.020000000000000018,0.019111111111111134,0.022868108441668034,0.007252837152527614,0.01861471861471864,,0.0004776360596591145,-0.5417831270833231,0.023457691640083878
banking77,random,34,50,50,9,0.084,0.07200000000000001,0.02777471982219904,0.03257930301230588,0.07012987012987014,,66.0,0.88,0.9959304726223781,21.15058047661487,0.055355447776785804,35,0.45454545454545453,35,0.45454545454545453,42,0.5454545454545454,42,0.5454545454545454,0.572,26,0.8666666666666667,0.00168,0.0005554943964439809,0.10379430000466527,41,0,0.18857142857142858,0.19146825396825395,0.11908248864898062,0.13159749006995483,0.18649505256648113,,0.9593176598028127,8.0392691284999,0.12586364022205368,0.0,0.0,0.0,0.0,0.0,,0.0,0.0,0.0
banking77,random,34,100,100,9,0.1,0.10477777777777778,0.05334238551871674,0.05182714707386662,0.10205627705627704,,61.0,0.8133333333333334,0.9823272921689656,13.943194105147548,0.03748480498604404,54,0.7012987012987013,54,0.7012987012987013,23,0.2987012987012987,23,0.2987012987012987,0.332,19,0.5,0.001,0.0005334238551871674,0.11866310000186786,50,0,0.18857142857142858,0.19146825396825395,0.11908248864898062,0.13159749006995483,0.18649505256648113,,0.9593176598028127,8.0392691284999,0.12586364022205368,0.0,0.0,0.0,0.0,0.0,,0.0,0.0,0.0
banking77,random,34,200,200,9,0.148,0.15444444444444444,0.07604426273850157,0.07628902723750595,0.15043290043290045,,58.0,0.7733333333333333,0.9611378264228659,5.746310195679371,0.08425835891981441,73,0.948051948051948,73,0.948051948051948,4,0.05194805194805195,4,0.05194805194805195,0.06,19,0.3392857142857143,0.00074,0.0003802213136925078,0.3458583000028739,100,0,0.18857142857142858,0.19146825396825395,0.11908248864898062,0.13159749006995483,0.18649505256648113,,0.9593176598028127,8.0392691284999,0.12586364022205368,0.0,0.0,0.0,0.0,0.0,,0.0,0.0,0.0
banking77,random,34,300,300,9,0.244,0.25244444444444447,0.16759942035725073,0.18267763295528003,0.24588744588744588,,45.0,0.6,0.9463212257612902,4.584714254224494,0.1783442369514268,75,0.974025974025974,75,0.974025974025974,2,0.025974025974025976,2,0.025974025974025976,0.028,2,0.03773584905660377,0.0008133333333333333,0.0005586647345241691,0.5162731000018539,100,0,0.18857142857142858,0.19146825396825395,0.11908248864898062,0.13159749006995483,0.18649505256648113,,0.9593176598028127,8.0392691284999,0.12586364022205368,0.0,0.0,0.0,0.0,0.0,,0.0,0.0,0.0
banking77,random,34,400,400,9,0.344,0.3333333333333333,0.2523891161621852,0.309218737987159,0.3246753246753247,,36.0,0.48,0.9288493396867396,4.122753603662811,0.27193535844443434,76,0.987012987012987,76,0.987012987012987,1,0.012987012987012988,1,0.012987012987012988,0.02,1,0.018867924528301886,0.00086,0.0006309727904054629,0.7612583000009181,100,0,0.18857142857142858,0.19146825396825395,0.11908248864898062,0.13159749006995483,0.18649505256648113,,0.9593176598028127,8.0392691284999,0.12586364022205368,0.0,0.0,0.0,0.0,0.0,,0.0,0.0,0.0
dair_ai_emotion,adaptive_uncertainty_diversity,13,50,50,9,0.324,0.1730769230769231,0.10185022645086543,0.19066362391602007,0.1730769230769231,,4.0,0.6666666666666666,0.7783013920744373,1.6226686278183216,0.0566173937628902,6,1.0,6,1.0,0,0.0,0,0.0,0.0,0,0.0,0.0064800000000000005,0.0020370045290173085,0.3271117000040249,41,0,0.3354285714285714,0.1795981795981796,0.1277461639919938,0.23767143123791032,0.1795981795981796,,0.7573306905795144,1.571061270708811,0.05807512277525592,0.02400000000000002,-0.013403263403263366,-0.04599059309208177,-0.051626305161994124,-0.013403263403263366,,-0.01037144258392042,-0.03204847215608608,0.0060793706856080015
dair_ai_emotion,adaptive_uncertainty_diversity,13,100,100,9,0.324,0.17307692307692304,0.13296425796425795,0.2489090909090909,0.17307692307692304,,4.0,0.6666666666666666,0.7684409418456556,1.6064089402824264,0.03589088155620398,6,1.0,6,1.0,0,0.0,0,0.0,0.0,0,0.0,0.0032400000000000003,0.0013296425796425796,0.3843242999937502,50,0,0.3354285714285714,0.1795981795981796,0.1277461639919938,0.23767143123791032,0.1795981795981796,,0.7573306905795144,1.571061270708811,0.05807512277525592,0.0040000000000000036,-0.000777000777000797,0.016811130046424164,0.04205867074102371,-0.000777000777000797,,-0.0008020313698351433,0.0007982394204586463,-0.001301867518827833
dair_ai_emotion,adaptive_uncertainty_diversity,13,200,200,9,0.328,0.17521367521367523,0.12290261200484347,0.23007368967306696,0.17521367521367523,,4.0,0.6666666666666666,0.7576299230571325,1.5690777367886586,0.06804029717677613,6,1.0,6,1.0,0,0.0,0,0.0,0.0,0,0.0,0.00164,0.0006145130600242174,0.26353100000415,100,0,0.3354285714285714,0.1795981795981796,0.1277461639919938,0.23767143123791032,0.1795981795981796,,0.7573306905795144,1.571061270708811,0.05807512277525592,0.0,-0.0029137529137528984,0.004431434059981337,0.01858135884599929,-0.0029137529137528984,,-0.003859531319071685,-0.008546369822720612,0.01379503732896556
dair_ai_emotion,adaptive_uncertainty_diversity,13,300,300,9,0.344,0.18376068376068377,0.12887471630900052,0.241253468930449,0.18376068376068377,,4.0,0.6666666666666666,0.7504653365319093,1.54952156179682,0.07606665215186577,6,1.0,6,1.0,0,0.0,0,0.0,0.0,0,0.0,0.0011466666666666665,0.0004295823876966684,0.347589799996058,100,0,0.3354285714285714,0.1795981795981796,0.1277461639919938,0.23767143123791032,0.1795981795981796,,0.7573306905795144,1.571061270708811,0.05807512277525592,-0.0040000000000000036,-0.002136752136752129,-0.00044869556918605835,-0.0008399581055162919,-0.002136752136752129,,0.001061902448726726,-0.0024897528082905573,0.029458568623002272
dair_ai_emotion,adaptive_uncertainty_diversity,13,400,400,9,0.356,0.1930846930846931,0.14029699114444877,0.25235025313669385,0.1930846930846931,,3.0,0.5,0.7433122060728151,1.5392825734579199,0.03616694155375657,6,1.0,6,1.0,0,0.0,0,0.0,0.0,0,0.0,0.00089,0.0003507424778611219,0.5515539000043646,100,0,0.3354285714285714,0.1795981795981796,0.1277461639919938,0.23767143123791032,0.1795981795981796,,0.7573306905795144,1.571061270708811,0.05807512277525592,0.0040000000000000036,0.002136752136752129,0.0002554389937985957,0.0007807028047943643,0.002136752136752129,,0.0012728103167831684,0.002492767172827204,-0.02693780529693867
dair_ai_emotion,badge,13,50,50,9,0.308,0.16452991452991453,0.09559104986602639,0.17894644534920137,0.16452991452991453,,4.0,0.6666666666666666,0.7933575986686151,1.6638234635091544,0.12634705637056562,6,1.0,6,1.0,0,0.0,0,0.0,0.0,0,0.0,0.00616,0.0019118209973205277,1.2302546999999322,41,0,0.3317142857142857,0.1794871794871795,0.12875888578304492,0.23280374102859722,0.1794871794871795,,0.7645825837558152,1.5948296256197754,0.0702953007272947,0.008000000000000007,-0.021950271950271938,-0.05224976967692081,-0.06334348372881282,-0.021950271950271938,,0.004684764010257414,0.009106363534746809,0.07580903329328342
dair_ai_emotion,badge,13,100,100,9,0.32,0.17385392385392384,0.13650468712206576,0.24494853899838945,0.17385392385392384,,3.0,0.5,0.773423986311311,1.6188913325329097,0.06118857633471328,6,1.0,6,1.0,0,0.0,0,0.0,0.0,0,0.0,0.0032,0.0013650468712206577,0.8132489000054193,50,0,0.3317142857142857,0.1794871794871795,0.12875888578304492,0.23280374102859722,0.1794871794871795,,0.7645825837558152,1.5948296256197754,0.0702953007272947,0.0,0.0,0.02035155920423197,0.03809811883032224,0.0,,0.004181013095820307,0.013280631670941956,0.023995827259681468
dair_ai_emotion,badge,13,200,200,9,0.312,0.16666666666666666,0.10495898583146905,0.19648322147651007,0.16666666666666666,,4.0,0.6666666666666666,0.7732422821621903,1.6068153462886277,0.09903523987072689,6,1.0,6,1.0,0,0.0,0,0.0,0.0,0,0.0,0.00156,0.0005247949291573452,1.139566999998351,100,0,0.3317142857142857,0.1794871794871795,0.12875888578304492,0.23280374102859722,0.1794871794871795,,0.7645825837558152,1.5948296256197754,0.0702953007272947,-0.016000000000000014,-0.01146076146076147,-0.013512192113393079,-0.015009109350557603,-0.01146076146076147,,0.011752827785986075,0.02919123967724846,0.044789980022916315
dair_ai_emotion,badge,13,300,300,9,0.336,0.1824009324009324,0.13261093911248711,0.2376594427244582,0.1824009324009324,,3.0,0.5,0.7562282992239335,1.5799922345049342,0.06159671300388078,6,1.0,6,1.0,0,0.0,0,0.0,0.0,0,0.0,0.0011200000000000001,0.0004420364637082904,0.9161668000015197,100,0,0.3317142857142857,0.1794871794871795,0.12875888578304492,0.23280374102859722,0.1794871794871795,,0.7645825837558152,1.5948296256197754,0.0702953007272947,-0.011999999999999955,-0.003496503496503517,0.0032875272343005357,-0.0044339843115071,-0.003496503496503517,,0.00682486514075098,0.027980919899823542,0.014988629475017286
dair_ai_emotion,badge,13,400,400,9,0.392,0.21522921522921523,0.17361979497729033,0.3044448276260589,0.21522921522921523,,3.0,0.5,0.7363221447171843,1.529943487197361,0.015846806654494817,6,1.0,6,1.0,0,0.0,0,0.0,0.0,0,0.0,0.00098,0.0004340494874432258,1.0626628000027267,100,0,0.3317142857142857,0.1794871794871795,0.12875888578304492,0.23280374102859722,0.1794871794871795,,0.7645825837558152,1.5948296256197754,0.0702953007272947,0.040000000000000036,0.024281274281274273,0.03357824282664015,0.05287527729415942,0.024281274281274273,,-0.005717251038847682,-0.0068463190877317,-0.04725794019620042
dair_ai_emotion,class_group_balanced_entropy,13,50,50,9,0.292,0.15598290598290598,0.114375,0.21411000000000002,0.15598290598290598,,4.0,0.6666666666666666,0.7712950671911206,1.623353953615305,0.08440359141413199,6,1.0,6,1.0,0,0.0,0,0.0,0.0,0,0.0,0.00584,0.0022875,0.15868690000206698,41,0,0.338,0.1835148185148185,0.14060670368087455,0.2526788576108483,0.1835148185148185,,0.7635120026003189,1.5967628591379026,0.054959621181308115,-0.008000000000000007,-0.030497280497280482,-0.033465819542947195,-0.02817992907801417,-0.030497280497280482,,-0.01737776746723707,-0.031363146359102645,0.0338655683368498
dair_ai_emotion,class_group_balanced_entropy,13,100,100,9,0.36,0.1923076923076923,0.1413311877479677,0.2645719834641956,0.1923076923076923,,4.0,0.6666666666666666,0.780394527642861,1.6467845001244215,0.021783230566177456,6,1.0,6,1.0,0,0.0,0,0.0,0.0,0,0.0,0.0036,0.001413311877479677,0.15589529999851948,50,0,0.338,0.1835148185148185,0.14060670368087455,0.2526788576108483,0.1835148185148185,,0.7635120026003189,1.5967628591379026,0.054959621181308115,0.03999999999999998,0.01845376845376845,0.025178059830133923,0.057721563296128375,0.01845376845376845,,0.011151554427370258,0.04117379926245368,-0.015409518508854355
dair_ai_emotion,class_group_balanced_entropy,13,200,200,9,0.316,0.1688034188034188,0.12661880630630631,0.23703040540540543,0.1688034188034188,,4.0,0.6666666666666666,0.7693095153134178,1.6089357118017822,0.07505039076099616,6,1.0,6,1.0,0,0.0,0,0.0,0.0,0,0.0,0.00158,0.0006330940315315316,0.17026800000166986,100,0,0.338,0.1835148185148185,0.14060670368087455,0.2526788576108483,0.1835148185148185,,0.7635120026003189,1.5967628591379026,0.054959621181308115,-0.01200000000000001,-0.009324009324009341,0.008147628361444184,0.02553807457833776,-0.009324009324009341,,0.007820060937213658,0.03131160519040299,0.020805130913185588
dair_ai_emotion,class_group_balanced_entropy,13,300,300,9,0.34,0.18906759906759907,0.1523134056364944,0.2585372887581109,0.18906759906759907,,2.0,0.3333333333333333,0.7558417524018322,1.5723234179303698,0.05855692417981992,6,1.0,6,1.0,0,0.0,0,0.0,0.0,0,0.0,0.0011333333333333334,0.000507711352121648,0.38661750000028405,100,0,0.338,0.1835148185148185,0.14060670368087455,0.2526788576108483,0.1835148185148185,,0.7635120026003189,1.5967628591379026,0.054959621181308115,-0.007999999999999952,0.003170163170163165,0.02298999375830782,0.016443861722145597,0.003170163170163165,,0.006438318318649605,0.020312103325259123,0.011948840650956423
dair_ai_emotion,class_group_balanced_entropy,13,400,400,9,0.368,0.20240870240870237,0.15719822025856878,0.27370363975261214,0.20240870240870237,,3.0,0.5,0.7380421577118806,1.5329680275067281,0.04262607683119247,6,1.0,6,1.0,0,0.0,0,0.0,0.0,0,0.0,0.00092,0.00039299555064642195,0.33449510000355076,100,0,0.338,0.1835148185148185,0.14060670368087455,0.2526788576108483,0.1835148185148185,,0.7635120026003189,1.5967628591379026,0.054959621181308115,0.016000000000000014,0.011460761460761415,0.017156668107918605,0.022134089420712655,0.011460761460761415,,-0.003997238044151308,-0.0038217787783645374,-0.020478670019502772
dair_ai_emotion,entropy,13,50,50,9,0.316,0.1688034188034188,0.11352040816326531,0.21251020408163265,0.1688034188034188,,4.0,0.6666666666666666,0.7802675688753076,1.6924069940183215,0.09150093590254556,6,1.0,6,1.0,0,0.0,0,0.0,0.0,0,0.0,0.00632,0.002270408163265306,0.8376363000061247,41,0,0.32685714285714285,0.17585192585192586,0.13329148184104253,0.2449838388803812,0.17585192585192586,,0.7631867114952893,1.597397117856547,0.05103731788440933,0.016000000000000014,-0.01767676767676768,-0.03432041137968189,-0.02977972499638154,-0.01767676767676768,,-0.00840526578305012,0.037689894043913874,0.04096291282526336
dair_ai_emotion,entropy,13,100,100,9,0.276,0.14743589743589744,0.11737283460222885,0.2197219463753724,0.14743589743589744,,4.0,0.6666666666666666,0.7912129977894508,1.6863963020099482,0.07331043136860844,6,1.0,6,1.0,0,0.0,0,0.0,0.0,0,0.0,0.0027600000000000003,0.0011737283460222885,0.1677750000017113,50,0,0.32685714285714285,0.17585192585192586,0.13329148184104253,0.2449838388803812,0.17585192585192586,,0.7631867114952893,1.597397117856547,0.05103731788440933,-0.043999999999999984,-0.026418026418026402,0.0012197066843950555,0.012871526207305195,-0.026418026418026402,,0.021970024573960023,0.08078560114798039,0.03611768229357663
dair_ai_emotion,entropy,13,200,200,9,0.312,0.16666666666666666,0.12641600692411478,0.23665076496194282,0.16666666666666666,,4.0,0.6666666666666666,0.763141909733867,1.584896368602568,0.05221539297925528,6,1.0,6,1.0,0,0.0,0,0.0,0.0,0,0.0,0.00156,0.0006320800346205739,0.27720369999588,100,0,0.32685714285714285,0.17585192585192586,0.13329148184104253,0.2449838388803812,0.17585192585192586,,0.7631867114952893,1.597397117856547,0.05103731788440933,-0.016000000000000014,-0.01146076146076147,0.007944828979252652,0.025158434134875146,-0.01146076146076147,,0.0016524553576627854,0.007272261991188911,-0.0020298668685552954
dair_ai_emotion,entropy,13,300,300,9,0.368,0.1994949494949495,0.1536076755579172,0.2769653333503034,0.1994949494949495,,3.0,0.5,0.7486628378399112,1.5497757148829587,0.01730496946882157,6,1.0,6,1.0,0,0.0,0,0.0,0.0,0,0.0,0.0012266666666666667,0.0005120255851930574,0.3261389999970561,100,0,0.32685714285714285,0.17585192585192586,0.13329148184104253,0.2449838388803812,0.17585192585192586,,0.7631867114952893,1.597397117856547,0.05103731788440933,0.020000000000000018,0.0135975135975136,0.024284263679730633,0.03487190631433809,0.0135975135975136,,-0.0007405962432713853,-0.0022355997221519264,-0.029303114060041928
dair_ai_emotion,entropy,13,400,400,9,0.356,0.1930846930846931,0.1401735519382578,0.25181665393430097,0.1930846930846931,,3.0,0.5,0.7417442041976389,1.5366377080006914,0.06250438529052615,6,1.0,6,1.0,0,0.0,0,0.0,0.0,0,0.0,0.00089,0.0003504338798456445,0.32006489999912446,100,0,0.32685714285714285,0.17585192585192586,0.13329148184104253,0.2449838388803812,0.17585192585192586,,0.7631867114952893,1.597397117856547,0.05103731788440933,0.0040000000000000036,0.002136752136752129,0.00013199978760763953,0.0002471036024014883,0.002136752136752129,,-0.000295191558393082,-0.0001520982844012142,-0.0006003615601690854
dair_ai_emotion,random,13,50,50,9,0.3,0.18648018648018647,0.1478408195429472,0.2422899290780142,0.18648018648018647,,3.0,0.5,0.7886728346583577,1.6547170999744076,0.050538023077282196,6,1.0,6,1.0,0,0.0,0,0.0,0.0,0,0.0,0.006,0.002956816390858944,0.16953449999709846,41,0,0.3334285714285714,0.18185980685980685,0.12625440477785313,0.22716595154986766,0.18185980685980685,,0.7588608642610315,1.5759764642854612,0.049409938393604594,0.0,0.0,0.0,0.0,0.0,,0.0,0.0,0.0
dair_ai_emotion,random,13,100,100,9,0.32,0.17385392385392384,0.11615312791783379,0.2068504201680672,0.17385392385392384,,3.0,0.5,0.7692429732154907,1.6056107008619678,0.03719274907503181,6,1.0,6,1.0,0,0.0,0,0.0,0.0,0,0.0,0.0032,0.001161531279178338,0.20526109999627806,50,0,0.3334285714285714,0.18185980685980685,0.12625440477785313,0.22716595154986766,0.18185980685980685,,0.7588608642610315,1.5759764642854612,0.049409938393604594,0.0,0.0,0.0,0.0,0.0,,0.0,0.0,0.0
dair_ai_emotion,random,13,200,200,9,0.328,0.17812742812742813,0.11847117794486213,0.21149233082706767,0.17812742812742813,,3.0,0.5,0.7614894543762042,1.5776241066113792,0.054245259847810576,6,1.0,6,1.0,0,0.0,0,0.0,0.0,0,0.0,0.00164,0.0005923558897243106,0.49876720000611385,100,0,0.3334285714285714,0.18185980685980685,0.12625440477785313,0.22716595154986766,0.18185980685980685,,0.7588608642610315,1.5759764642854612,0.049409938393604594,0.0,0.0,0.0,0.0,0.0,,0.0,0.0,0.0
dair_ai_emotion,random,13,300,300,9,0.348,0.1858974358974359,0.12932341187818658,0.2420934270359653,0.1858974358974359,,4.0,0.6666666666666666,0.7494034340831826,1.5520113146051107,0.046608083528863496,6,1.0,6,1.0,0,0.0,0,0.0,0.0,0,0.0,0.00116,0.0004310780395939553,0.34237609999399865,100,0,0.3334285714285714,0.18185980685980685,0.12625440477785313,0.22716595154986766,0.18185980685980685,,0.7588608642610315,1.5759764642854612,0.049409938393604594,0.0,0.0,0.0,0.0,0.0,,0.0,0.0,0.0
dair_ai_emotion,random,13,400,400,9,0.352,0.19094794094794096,0.14004155215065017,0.2515695503318995,0.19094794094794096,,3.0,0.5,0.742039395756032,1.5367898062850927,0.06310474685069524,6,1.0,6,1.0,0,0.0,0,0.0,0.0,0,0.0,0.0008799999999999999,0.00035010388037662543,0.36017159999755677,100,0,0.3334285714285714,0.18185980685980685,0.12625440477785313,0.22716595154986766,0.18185980685980685,,0.7588608642610315,1.5759764642854612,0.049409938393604594,0.0,0.0,0.0,0.0,0.0,,0.0,0.0,0.0
dair_ai_emotion,adaptive_uncertainty_diversity,21,50,50,9,0.332,0.1900050735667174,0.1328497525865947,0.23282968960863695,0.1900050735667174,,3.0,0.5,0.7701920066785121,1.6084397748763415,0.04425499972897095,6,1.0,6,1.0,0,0.0,0,0.0,0.0,0,0.0,0.00664,0.002656995051731894,0.34380349999992177,41,0,0.39885714285714285,0.20268734309830197,0.16306476394533267,0.30896846016807844,0.20268734309830197,,0.7307936473784655,1.5145807768833266,0.04774594656961549,-0.008000000000000007,0.004997463216641296,0.004886357956533388,-0.011334205755258397,0.004997463216641296,,0.010853680581136449,0.06562158751209024,-0.026280491638563767
dair_ai_emotion,adaptive_uncertainty_diversity,21,100,100,9,0.372,0.18472856418061898,0.1449748910838405,0.2878637134590442,0.18472856418061898,,4.0,0.6666666666666666,0.7433073865417218,1.5487981814320768,0.07028099030690832,6,1.0,6,1.0,0,0.0,0,0.0,0.0,0,0.0,0.0037199999999999998,0.0014497489108384052,0.13208640000084415,50,0,0.39885714285714285,0.20268734309830197,0.16306476394533267,0.30896846016807844,0.20268734309830197,,0.7307936473784655,1.5145807768833266,0.04774594656961549,0.035999999999999976,0.00200405885337393,0.018246064355013802,0.04586278105811181,0.00200405885337393,,-0.011516307642568058,-0.005964429328882304,0.02478329462192795
dair_ai_emotion,adaptive_uncertainty_diversity,21,200,200,9,0.4,0.20427793920944604,0.16935656685276043,0.31495801048891897,0.20427793920944604,,3.0,0.5,0.7296870635426174,1.5152409502206505,0.024684284146633945,6,1.0,6,1.0,0,0.0,0,0.0,0.0,0,0.0,0.002,0.0008467828342638022,0.18158240000047954,100,0,0.39885714285714285,0.20268734309830197,0.16306476394533267,0.30896846016807844,0.20268734309830197,,0.7307936473784655,1.5145807768833266,0.04774594656961549,0.04800000000000004,0.015008532816751963,0.03214577535249924,0.05024682298575933,0.015008532816751963,,-0.009229240884272905,0.007384873750444498,-0.020085078994957286
dair_ai_emotion,adaptive_uncertainty_diversity,21,300,300,9,0.424,0.21323278446566118,0.1755798616371257,0.327312327223148,0.21323278446566118,,3.0,0.5,0.7209515108223934,1.4894624307596964,0.0573963453504019,6,1.0,6,1.0,0,0.0,0,0.0,0.0,0,0.0,0.0014133333333333333,0.0005852662054570857,0.23038939999969443,100,0,0.39885714285714285,0.20268734309830197,0.16306476394533267,0.30896846016807844,0.20268734309830197,,0.7307936473784655,1.5145807768833266,0.04774594656961549,0.03199999999999997,0.011913657119136584,0.017533614883472576,0.017056812344710015,0.011913657119136584,,-0.005689982948812844,0.003519402345051992,0.00041858586837315026
dair_ai_emotion,adaptive_uncertainty_diversity,21,400,400,9,0.42,0.21169457128361238,0.1676932777184984,0.3300281307595305,0.21169457128361238,,4.0,0.6666666666666666,0.714221299767398,1.465241516636308,0.04251138166838875,6,1.0,6,1.0,0,0.0,0,0.0,0.0,0,0.0,0.00105,0.000419233194296246,0.19544950000272365,100,0,0.39885714285714285,0.20268734309830197,0.16306476394533267,0.30896846016807844,0.20268734309830197,,0.7307936473784655,1.5145807768833266,0.04774594656961549,-0.02400000000000002,-0.011973617453069518,-0.009700985772021803,-0.01954347837999304,-0.011973617453069518,,0.003662600591916698,0.015145741368919108,-0.005453625880620483
dair_ai_emotion,badge,21,50,50,9,0.356,0.17430238457635716,0.1351856343367379,0.2695047295658501,0.17430238457635716,,4.0,0.6666666666666666,0.7425456540780355,1.533629888514014,0.039228488707533024,6,1.0,6,1.0,0,0.0,0,0.0,0.0,0,0.0,0.00712,0.0027037126867347576,0.7593326999995043,41,0,0.4091428571428571,0.20577480611727184,0.1630077975519654,0.32115543215856074,0.20577480611727184,,0.7292809355299622,1.4981490632483403,0.04066768956994368,0.01599999999999996,-0.010705225773718935,0.00722223970667657,0.025340834201954737,-0.010705225773718935,,-0.016792672019340094,-0.009188298850237198,-0.03130700266000169
dair_ai_emotion,badge,21,100,100,9,0.38,0.19274479959411464,0.15338175948345442,0.30099602905569006,0.19274479959411464,,4.0,0.6666666666666666,0.7363776272805393,1.5156123393351209,0.036756079155017794,6,1.0,6,1.0,0,0.0,0,0.0,0.0,0,0.0,0.0038,0.0015338175948345443,0.9024174999940442,50,0,0.4091428571428571,0.20577480611727184,0.1630077975519654,0.32115543215856074,0.20577480611727184,,0.7292809355299622,1.4981490632483403,0.04066768956994368,0.043999999999999984,0.010020294266869595,0.02665293275462771,0.05899509665475766,0.010020294266869595,,-0.018446066903750502,-0.03915027142583827,-0.008741616529962574
dair_ai_emotion,badge,21,200,200,9,0.4,0.20114155251141552,0.15932587911197538,0.31454389888186685,0.20114155251141552,,4.0,0.6666666666666666,0.734930142681999,1.5077678652388364,0.025594031812605517,6,1.0,6,1.0,0,0.0,0,0.0,0.0,0,0.0,0.002,0.0007966293955598769,1.109336000001349,100,0,0.4091428571428571,0.20577480611727184,0.1630077975519654,0.32115543215856074,0.20577480611727184,,0.7292809355299622,1.4981490632483403,0.04066768956994368,0.04800000000000004,0.01187214611872145,0.022115087611714185,0.049832711378707206,0.01187214611872145,,-0.003986161744891303,-8.821123136959486e-05,-0.019175331328985714
dair_ai_emotion,badge,21,300,300,9,0.432,0.21681887366818875,0.17201518288474812,0.33860869565217394,0.21681887366818875,,4.0,0.6666666666666666,0.7229335008040295,1.4850368288807265,0.051106946798531235,6,1.0,6,1.0,0,0.0,0,0.0,0.0,0,0.0,0.00144,0.0005733839429491604,0.9218812000035541,100,0,0.4091428571428571,0.20577480611727184,0.1630077975519654,0.32115543215856074,0.20577480611727184,,0.7292809355299622,1.4981490632483403,0.04066768956994368,0.03999999999999998,0.015499746321664148,0.013968936131095011,0.028353180773735942,0.015499746321664148,,-0.003707992967176721,-0.0009061995339179063,-0.0058708126834975186
dair_ai_emotion,badge,21,400,400,9,0.452,0.228234398782344,0.18070700247676028,0.35553642767538357,0.228234398782344,,4.0,0.6666666666666666,0.7133999937778511,1.4612006012395666,0.05652350668103907,6,1.0,6,1.0,0,0.0,0,0.0,0.0,0,0.0,0.00113,0.0004517675061919007,0.6466886999987764,100,0,0.4091428571428571,0.20577480611727184,0.1630077975519654,0.32115543215856074,0.20577480611727184,,0.7292809355299622,1.4981490632483403,0.04066768956994368,0.008000000000000007,0.0045662100456621,0.0033127389862400713,0.005964818535860006,0.0045662100456621,,0.002841294602369815,0.011104825972177768,0.008558499132029836
dair_ai_emotion,class_group_balanced_entropy,21,50,50,9,0.38,0.1819634703196347,0.13274308200050774,0.2678735719725819,0.1819634703196347,,4.0,0.6666666666666666,0.7505691008395,1.576533606268793,0.01801550006618566,6,1.0,6,1.0,0,0.0,0,0.0,0.0,0,0.0,0.0076,0.002654861640010155,0.1264480999961961,41,0,0.38857142857142857,0.20010147133434802,0.16282560491122225,0.3044090095722297,0.20010147133434802,,0.7365150177263555,1.5240854001145194,0.051104459153026145,0.03999999999999998,-0.0030441400304414,0.004779687370446428,0.02370967660868653,-0.0030441400304414,,-0.008769225257875601,0.03371541890454166,-0.05251999130134906
dair_ai_emotion,class_group_balanced_entropy,21,100,100,9,0.34,0.18555647802223144,0.1483750532968486,0.2681091627402406,0.18555647802223144,,3.0,0.5,0.7418953451612129,1.5340639998463472,0.08898478262490656,6,1.0,6,1.0,0,0.0,0,0.0,0.0,0,0.0,0.0034000000000000002,0.001483750532968486,0.13435490000119898,50,0,0.38857142857142857,0.20010147133434802,0.16282560491122225,0.3044090095722297,0.20010147133434802,,0.7365150177263555,1.5240854001145194,0.051104459153026145,0.0040000000000000036,0.00283197269498639,0.021646226568021898,0.026108230339308203,0.00283197269498639,,-0.012928349023076935,-0.020698610914611892,0.04348708693992619
dair_ai_emotion,class_group_balanced_entropy,21,200,200,9,0.4,0.20384668603846687,0.17048014858117158,0.31544208987943,0.20384668603846687,,3.0,0.5,0.7417118343828489,1.5374134659852383,0.068505412995923,6,1.0,6,1.0,0,0.0,0,0.0,0.0,0,0.0,0.002,0.0008524007429058579,0.15761720000591595,100,0,0.38857142857142857,0.20010147133434802,0.16282560491122225,0.3044090095722297,0.20010147133434802,,0.7365150177263555,1.5240854001145194,0.051104459153026145,0.04800000000000004,0.014577279645772795,0.03326935708091039,0.05073090237627037,0.014577279645772795,,0.0027955299559586644,0.029557389515032284,0.023736049854331767
dair_ai_emotion,class_group_balanced_entropy,21,300,300,9,0.396,0.2028573405285734,0.16880632199925674,0.31307204570791525,0.2028573405285734,,3.0,0.5,0.7319115261763586,1.5124396261104316,0.016579514533956313,6,1.0,6,1.0,0,0.0,0,0.0,0.0,0,0.0,0.00132,0.0005626877399975224,0.3148552000056952,100,0,0.38857142857142857,0.20010147133434802,0.16282560491122225,0.3044090095722297,0.20010147133434802,,0.7365150177263555,1.5240854001145194,0.051104459153026145,0.0040000000000000036,0.0015382131820488032,0.010760075245603629,0.0028165308294772484,0.0015382131820488032,,0.005270032405152336,0.02649659769578716,-0.04039824494807244
dair_ai_emotion,class_group_balanced_entropy,21,400,400,9,0.428,0.2179857940131913,0.17227217227217229,0.3377342657342657,0.2179857940131913,,4.0,0.6666666666666666,0.7202308348045036,1.479528813706378,0.04507643504097173,6,1.0,6,1.0,0,0.0,0,0.0,0.0,0,0.0,0.00107,0.00043068043068043073,0.45672219999687513,100,0,0.38857142857142857,0.20010147133434802,0.16282560491122225,0.3044090095722297,0.20010147133434802,,0.7365150177263555,1.5240854001145194,0.051104459153026145,-0.016000000000000014,-0.005682394723490608,-0.005122091218347918,-0.011837343405257883,-0.005682394723490608,,0.00967213562902225,0.029433038438989145,-0.0028885725080375
dair_ai_emotion,entropy,21,50,50,9,0.372,0.19119736174530697,0.15002583008500447,0.2939854412248156,0.19119736174530697,,4.0,0.6666666666666666,0.7469952982145455,1.5492944694158708,0.038345077200196344,6,1.0,6,1.0,0,0.0,0,0.0,0.0,0,0.0,0.0074399999999999996,0.0030005166017000894,0.5398143999991589,41,0,0.4194285714285715,0.21999067649752582,0.1833050237299672,0.3367341428807671,0.21999067649752582,,0.7306067543142795,1.5105850396405578,0.06579983116892217,0.03199999999999997,0.006189751395230869,0.022062435454943158,0.049821545860920274,0.006189751395230869,,-0.012343027882830149,0.006476282051619542,-0.03219041416733837
dair_ai_emotion,entropy,21,100,100,9,0.38,0.20850514275171808,0.17674900594452472,0.31077187912452225,0.20850514275171808,,3.0,0.5,0.7508066807176987,1.5639894217084513,0.06458004577471023,6,1.0,6,1.0,0,0.0,0,0.0,0.0,0,0.0,0.0038,0.0017674900594452472,0.16892119999829447,50,0,0.4194285714285715,0.21999067649752582,0.1833050237299672,0.3367341428807671,0.21999067649752582,,0.7306067543142795,1.5105850396405578,0.06579983116892217,0.043999999999999984,0.025780637424473035,0.05002017921569801,0.06877094672358985,0.025780637424473035,,-0.004017013466591113,0.009226810947492226,0.01908235008972986
dair_ai_emotion,entropy,21,200,200,9,0.436,0.23670494903371617,0.21020159399906235,0.35829985935302394,0.23670494903371617,,3.0,0.5,0.7316112272158751,1.5114910169069082,0.09737411603721342,6,1.0,6,1.0,0,0.0,0,0.0,0.0,0,0.0,0.00218,0.0010510079699953118,0.16444449999835342,100,0,0.4194285714285715,0.21999067649752582,0.1833050237299672,0.3367341428807671,0.21999067649752582,,0.7306067543142795,1.5105850396405578,0.06579983116892217,0.08400000000000002,0.047435542641022094,0.07299080249880116,0.0935886718498643,0.047435542641022094,,-0.007305077211015143,0.0036349404367022053,0.05260475289562219
dair_ai_emotion,entropy,21,300,300,9,0.428,0.2153982749873161,0.17086184424894102,0.33609188660801564,0.2153982749873161,,4.0,0.6666666666666666,0.7192594961785901,1.4826912481715924,0.03901213645361548,6,1.0,6,1.0,0,0.0,0,0.0,0.0,0,0.0,0.0014266666666666666,0.0005695394808298034,0.21059819999936735,100,0,0.4194285714285715,0.21999067649752582,0.1833050237299672,0.3367341428807671,0.21999067649752582,,0.7306067543142795,1.5105850396405578,0.06579983116892217,0.035999999999999976,0.01407914764079149,0.012815597495287906,0.025836371729577645,0.01407914764079149,,-0.007381997592616152,-0.0032517802430520604,-0.017965623028413272
dair_ai_emotion,entropy,21,400,400,9,0.452,0.22737189244038558,0.18087186565447433,0.35520496894409936,0.22737189244038558,,4.0,0.6666666666666666,0.7127981632272051,1.4650993800562915,0.07178370593863387,6,1.0,6,1.0,0,0.0,0,0.0,0.0,0,0.0,0.00113,0.0004521796641361858,0.322906299996248,100,0,0.4194285714285715,0.21999067649752582,0.1833050237299672,0.3367341428807671,0.21999067649752582,,0.7306067543142795,1.5105850396405578,0.06579983116892217,0.008000000000000007,0.0037037037037036813,0.0034776021639541244,0.005633359804575799,0.0037037037037036813,,0.0022394640517238162,0.015003604788902614,0.023818698389624637
dair_ai_emotion,random,21,50,50,9,0.34,0.1850076103500761,0.12796339463006132,0.24416389536389535,0.1850076103500761,,4.0,0.6666666666666666,0.7593383260973756,1.5428181873642512,0.07053549136753472,6,1.0,6,1.0,0,0.0,0,0.0,0.0,0,0.0,0.0068000000000000005,0.0025592678926012265,0.154428599998937,41,0,0.37228571428571433,0.19591940276871786,0.1459976110580885,0.2835126228837236,0.19591940276871786,,0.7362255714138282,1.505892427837236,0.050710506001069584,0.0,0.0,0.0,0.0,0.0,,0.0,0.0,0.0
dair_ai_emotion,random,21,100,100,9,0.336,0.18272450532724505,0.1267288267288267,0.2420009324009324,0.18272450532724505,,4.0,0.6666666666666666,0.7548236941842899,1.5547626107609591,0.04549769568498037,6,1.0,6,1.0,0,0.0,0,0.0,0.0,0,0.0,0.00336,0.0012672882672882671,0.17331600000034086,50,0,0.37228571428571433,0.19591940276871786,0.1459976110580885,0.2835126228837236,0.19591940276871786,,0.7362255714138282,1.505892427837236,0.050710506001069584,0.0,0.0,0.0,0.0,0.0,,0.0,0.0,0.0
dair_ai_emotion,random,21,200,200,9,0.352,0.18926940639269407,0.1372107915002612,0.26471118750315964,0.18926940639269407,,4.0,0.6666666666666666,0.7389163044268903,1.507856076470206,0.04476936314159123,6,1.0,6,1.0,0,0.0,0,0.0,0.0,0,0.0,0.0017599999999999998,0.0006860539575013059,0.17915609999909066,100,0,0.37228571428571433,0.19591940276871786,0.1459976110580885,0.2835126228837236,0.19591940276871786,,0.7362255714138282,1.505892427837236,0.050710506001069584,0.0,0.0,0.0,0.0,0.0,,0.0,0.0,0.0
dair_ai_emotion,random,21,300,300,9,0.392,0.2013191273465246,0.1580462467536531,0.310255514878438,0.2013191273465246,,4.0,0.6666666666666666,0.7266414937712062,1.4859430284146444,0.05697775948202875,6,1.0,6,1.0,0,0.0,0,0.0,0.0,0,0.0,0.0013066666666666667,0.0005268208225121771,0.4939494999998715,100,0,0.37228571428571433,0.19591940276871786,0.1459976110580885,0.2835126228837236,0.19591940276871786,,0.7362255714138282,1.505892427837236,0.050710506001069584,0.0,0.0,0.0,0.0,0.0,,0.0,0.0,0.0
dair_ai_emotion,random,21,400,400,9,0.444,0.2236681887366819,0.1773942634905202,0.34957160913952356,0.2236681887366819,,4.0,0.6666666666666666,0.7105586991754813,1.4500957752673889,0.04796500754900923,6,1.0,6,1.0,0,0.0,0,0.0,0.0,0,0.0,0.00111,0.00044348565872630053,0.26325679999717977,100,0,0.37228571428571433,0.19591940276871786,0.1459976110580885,0.2835126228837236,0.19591940276871786,,0.7362255714138282,1.505892427837236,0.050710506001069584,0.0,0.0,0.0,0.0,0.0,,0.0,0.0,0.0
dair_ai_emotion,adaptive_uncertainty_diversity,34,50,50,9,0.344,0.1819953925217083,0.13894367740521588,0.2704852071005917,0.1819953925217083,,4.0,0.6666666666666666,0.7588330624212744,1.5772735705893077,0.02284237334769685,6,1.0,6,1.0,0,0.0,0,0.0,0.0,0,0.0,0.00688,0.0027788735481043174,0.39860699999553617,41,0,0.39,0.22420645128624755,0.19340050017625754,0.32813340489818676,0.22420645128624755,,0.7443286670564485,1.5431015791409333,0.08404852684548964,0.06,0.0054620912006310696,0.006461747277545837,0.04070447214048453,0.0054620912006310696,,-0.018173238380102208,-0.04808054426963215,-0.01040327234672718
dair_ai_emotion,adaptive_uncertainty_diversity,34,100,100,9,0.372,0.1852452081654119,0.15982178866706997,0.29298411978221417,0.1852452081654119,,2.0,0.3333333333333333,0.7549323029129028,1.5664625717348681,0.06469600729530885,6,1.0,6,1.0,0,0.0,0,0.0,0.0,0,0.0,0.0037199999999999998,0.0015982178866706998,0.19898240000475198,50,0,0.39,0.22420645128624755,0.19340050017625754,0.32813340489818676,0.22420645128624755,,0.7443286670564485,1.5431015791409333,0.08404852684548964,-0.0040000000000000036,-0.02008483247872042,-0.008508713244889804,-0.009408177150846186,-0.02008483247872042,,0.001046537994973229,-0.021763986740610752,0.036779941603917024
dair_ai_emotion,adaptive_uncertainty_diversity,34,200,200,9,0.372,0.24623427255006203,0.20447357469829383,0.3279865168539326,0.24623427255006203,,3.0,0.5,0.7626507022584038,1.5800136994975802,0.07655708389686595,6,1.0,6,1.0,0,0.0,0,0.0,0.0,0,0.0,0.0018599999999999999,0.0010223678734914692,0.2187084000033792,100,0,0.39,0.22420645128624755,0.19340050017625754,0.32813340489818676,0.22420645128624755,,0.7443286670564485,1.5431015791409333,0.08404852684548964,-0.03999999999999998,0.039369358554418005,0.03701408860791,0.012135035967696828,0.039369358554418005,,0.034038954182061265,0.06934478084884255,0.04069841139723222
dair_ai_emotion,adaptive_uncertainty_diversity,34,300,300,9,0.42,0.23359514785660795,0.2102853799013633,0.35569648702746787,0.23359514785660795,,2.0,0.3333333333333333,0.7277245207392349,1.5091160567059194,0.09748255305663617,6,1.0,6,1.0,0,0.0,0,0.0,0.0,0,0.0,0.0014,0.0007009512663378778,0.2140953999987687,100,0,0.39,0.22420645128624755,0.19340050017625754,0.32813340489818676,0.22420645128624755,,0.7443286670564485,1.5431015791409333,0.08404852684548964,-0.01200000000000001,0.009657983342193893,0.024671808630158193,0.015855112275319827,0.009657983342193893,,0.0065212935082689105,0.01671173966299122,0.010748009367497091
dair_ai_emotion,adaptive_uncertainty_diversity,34,400,400,9,0.416,0.2409208096814209,0.2150810703312754,0.35484904330088907,0.2409208096814209,,2.0,0.3333333333333333,0.7177352378198703,1.4851208986825761,0.13179521639461153,6,1.0,6,1.0,0,0.0,0,0.0,0.0,0,0.0,0.00104,0.0005377026758281885,0.5673510000051465,100,0,0.39,0.22420645128624755,0.19340050017625754,0.32813340489818676,0.22420645128624755,,0.7443286670564485,1.5431015791409333,0.08404852684548964,-0.028000000000000025,0.003278398015240158,0.014503635378840446,-0.0024260228491770897,0.003278398015240158,,0.007282819388849782,0.01713739374813561,0.01773627199292098
dair_ai_emotion,badge,34,50,50,9,0.272,0.1802232854864434,0.1031901793273301,0.18247564072962366,0.1802232854864434,,4.0,0.6666666666666666,0.7906559345505036,1.6316038243880355,0.0659592202200479,6,1.0,6,1.0,0,0.0,0,0.0,0.0,0,0.0,0.00544,0.002063803586546602,0.975992599996971,41,0,0.4014285714285714,0.22811488643407152,0.1930584332901926,0.3313173648737287,0.22811488643407152,,0.7423371414891659,1.5333613380635487,0.08052399079739646,-0.011999999999999955,0.0036899841653661725,-0.02929175080033994,-0.04730509423048351,0.0036899841653661725,,0.013649633749127088,0.006249709529095648,0.032713574525623866
dair_ai_emotion,badge,34,100,100,9,0.356,0.18046051917019656,0.15166281831393377,0.27995136521975905,0.18046051917019656,,2.0,0.3333333333333333,0.7576090102234301,1.5654713033331027,0.0360460163455863,6,1.0,6,1.0,0,0.0,0,0.0,0.0,0,0.0,0.00356,0.0015166281831393378,1.3589538999949582,50,0,0.4014285714285714,0.22811488643407152,0.1930584332901926,0.3313173648737287,0.22811488643407152,,0.7423371414891659,1.5333613380635487,0.08052399079739646,-0.020000000000000018,-0.024869521473935757,-0.016667683598026006,-0.022440931713301304,-0.024869521473935757,,0.0037232453055005,-0.022755255142376196,0.00812995065419448
dair_ai_emotion,badge,34,200,200,9,0.424,0.24464223445547725,0.2128426897794136,0.36019867159547825,0.24464223445547725,,2.0,0.3333333333333333,0.7456135621489061,1.5429127970539052,0.09292060202767959,6,1.0,6,1.0,0,0.0,0,0.0,0.0,0,0.0,0.00212,0.001064213448897068,1.4612941000013961,100,0,0.4014285714285714,0.22811488643407152,0.1930584332901926,0.3313173648737287,0.22811488643407152,,0.7423371414891659,1.5333613380635487,0.08052399079739646,0.01200000000000001,0.03777732045983323,0.04538320368902976,0.04434719070924248,0.03777732045983323,,0.017001814072563515,0.032243878405167514,0.057061929528045854
dair_ai_emotion,badge,34,300,300,9,0.408,0.24408201997336124,0.21426905923998726,0.351771677661612,0.24408201997336124,,2.0,0.3333333333333333,0.7312736405881675,1.5068753329709907,0.07842582933355118,6,1.0,6,1.0,0,0.0,0,0.0,0.0,0,0.0,0.0013599999999999999,0.0007142301974666243,0.987408900000446,100,0,0.4014285714285714,0.22811488643407152,0.1930584332901926,0.3313173648737287,0.22811488643407152,,0.7423371414891659,1.5333613380635487,0.08052399079739646,-0.02400000000000002,0.020144855458947175,0.028655487968782145,0.011930302909463952,0.020144855458947175,,0.010070413357201491,0.014471015928062547,-0.008308714355587901
dair_ai_emotion,badge,34,400,400,9,0.476,0.25855327468230693,0.21809621785798083,0.38411598740747044,0.25855327468230693,,3.0,0.5,0.7108441023396161,1.4699442392013775,0.13392643823091024,6,1.0,6,1.0,0,0.0,0,0.0,0.0,0,0.0,0.0011899999999999999,0.0005452405446449521,0.8635162999999011,100,0,0.4014285714285714,0.22811488643407152,0.1930584332901926,0.3313173648737287,0.22811488643407152,,0.7423371414891659,1.5333613380635487,0.08052399079739646,0.03199999999999997,0.020910863016126185,0.01751878290554587,0.026840921257404282,0.020910863016126185,,0.0003916839085956747,0.001960734266936992,0.019867493829219693
dair_ai_emotion,class_group_balanced_entropy,34,50,50,9,0.336,0.21392761800232085,0.1974898889165905,0.3110613728912158,0.21392761800232085,,2.0,0.3333333333333333,0.779316449710599,1.623514997540388,0.055866573726426685,6,1.0,6,1.0,0,0.0,0,0.0,0.0,0,0.0,0.00672,0.00394979777833181,0.1612703999999212,41,0,0.42200000000000004,0.23747928798862583,0.21671093539248001,0.35768130232367656,0.23747928798862583,,0.7405641062483566,1.5371670514935334,0.11099537582968984,0.052000000000000046,0.03739431668124363,0.06500795878892046,0.08128063793110865,0.03739431668124363,,0.0023101489092224314,-0.0018391173185519083,0.022620928032002656
dair_ai_emotion,class_group_balanced_entropy,34,100,100,9,0.396,0.1889380505679317,0.15649750916134697,0.2998562223569296,0.1889380505679317,,3.0,0.5,0.7525990269293594,1.5669357878329568,0.07696711904941056,6,1.0,6,1.0,0,0.0,0,0.0,0.0,0,0.0,0.00396,0.0015649750916134698,0.15093270000215853,50,0,0.42200000000000004,0.23747928798862583,0.21671093539248001,0.35768130232367656,0.23747928798862583,,0.7405641062483566,1.5371670514935334,0.11099537582968984,0.020000000000000018,-0.016391990076200624,-0.011832992750612809,-0.0025360745761307535,-0.016391990076200624,,-0.0012867379885701524,-0.02129077064252205,0.04905105335801874
dair_ai_emotion,class_group_balanced_entropy,34,200,200,9,0.42,0.23755666455157112,0.22389459821427438,0.3599060671913053,0.23755666455157112,,2.0,0.3333333333333333,0.741347147643532,1.5439594780179693,0.10750427740565167,6,1.0,6,1.0,0,0.0,0,0.0,0.0,0,0.0,0.0021,0.001119472991071372,0.23498580000159563,100,0,0.42200000000000004,0.23747928798862583,0.21671093539248001,0.35768130232367656,0.23747928798862583,,0.7405641062483566,1.5371670514935334,0.11099537582968984,0.008000000000000007,0.0306917505559271,0.056435112123890546,0.04405458630506953,0.0306917505559271,,0.012735399567189498,0.03329055936923164,0.07164560490601794
dair_ai_emotion,class_group_balanced_entropy,34,300,300,9,0.46,0.27196412340724735,0.25670117248131435,0.40459509993552545,0.27196412340724735,,2.0,0.3333333333333333,0.7318638883855637,1.5144177196214306,0.15028925352645148,6,1.0,6,1.0,0,0.0,0,0.0,0.0,0,0.0,0.0015333333333333334,0.0008556705749377145,0.215795000003709,100,0,0.42200000000000004,0.23747928798862583,0.21671093539248001,0.35768130232367656,0.23747928798862583,,0.7405641062483566,1.5371670514935334,0.11099537582968984,0.028000000000000025,0.04802695889283329,0.07108760121010924,0.06475372518337741,0.04802695889283329,,0.01066066115459774,0.022013402578502372,0.0635547098373124
dair_ai_emotion,class_group_balanced_entropy,34,400,400,9,0.432,0.2529425551496859,0.2222937981558671,0.3694517620310724,0.2529425551496859,,2.0,0.3333333333333333,0.7189699064309655,1.4812537846563028,0.11799660350629342,6,1.0,6,1.0,0,0.0,0,0.0,0.0,0,0.0,0.00108,0.0005557344953896678,0.3924483999944641,100,0,0.42200000000000004,0.23747928798862583,0.21671093539248001,0.35768130232367656,0.23747928798862583,,0.7405641062483566,1.5371670514935334,0.11099537582968984,-0.01200000000000001,0.01530014348350514,0.02171636320343215,0.012176695881006228,0.01530014348350514,,0.008517487999945006,0.013270279721862233,0.003937659104602864
dair_ai_emotion,entropy,34,50,50,9,0.368,0.16976785397838032,0.12736023694927803,0.26628359866716034,0.16976785397838032,,4.0,0.6666666666666666,0.7549042716168074,1.595745099646183,0.031613193933685266,6,1.0,6,1.0,0,0.0,0,0.0,0.0,0,0.0,0.00736,0.0025472047389855606,0.8347217999980785,41,0,0.4094285714285715,0.21500292765148454,0.17893251386970888,0.32640367045489294,0.21500292765148454,,0.7321455729226971,1.5187870415734792,0.08308701798785187,0.08400000000000002,-0.006765447342696906,-0.005121693178392006,0.03650286370705316,-0.006765447342696906,,-0.02210202918456916,-0.02960901521275683,-0.0016324517607387637
dair_ai_emotion,entropy,34,100,100,9,0.348,0.18491936912989546,0.1412583182093164,0.2757676950998185,0.18491936912989546,,4.0,0.6666666666666666,0.7511001551120273,1.5656963968430027,0.03445568153550009,6,1.0,6,1.0,0,0.0,0,0.0,0.0,0,0.0,0.0034799999999999996,0.001412583182093164,0.12284649999492103,50,0,0.4094285714285715,0.21500292765148454,0.17893251386970888,0.32640367045489294,0.21500292765148454,,0.7321455729226971,1.5187870415734792,0.08308701798785187,-0.028000000000000025,-0.020410671514236867,-0.027072183702643388,-0.026624601833241834,-0.020410671514236867,,-0.002785609805902256,-0.02253016163247623,0.006539615844108268
dair_ai_emotion,entropy,34,200,200,9,0.42,0.21516523468985269,0.17820508471614463,0.33187919045019876,0.21516523468985269,,3.0,0.5,0.7353053829212937,1.5202903144771536,0.09682328620603145,6,1.0,6,1.0,0,0.0,0,0.0,0.0,0,0.0,0.0021,0.0008910254235807232,0.1334056000050623,100,0,0.4094285714285715,0.21500292765148454,0.17893251386970888,0.32640367045489294,0.21500292765148454,,0.7321455729226971,1.5187870415734792,0.08308701798785187,0.008000000000000007,0.008300320694208663,0.0107455986257608,0.01602770956396299,0.008300320694208663,,0.006693634844951113,0.009621395828415924,0.06096461370639772
dair_ai_emotion,entropy,34,300,300,9,0.432,0.23008237439476828,0.20157801912187878,0.34968621553884716,0.23008237439476828,,3.0,0.5,0.7193974295608273,1.48672679979864,0.09235384266050907,6,1.0,6,1.0,0,0.0,0,0.0,0.0,0,0.0,0.00144,0.0006719267304062626,0.2819939999972121,100,0,0.4094285714285715,0.21500292765148454,0.17893251386970888,0.32640367045489294,0.21500292765148454,,0.7321455729226971,1.5187870415734792,0.08308701798785187,0.0,0.006145209880354219,0.015964447850673663,0.009844840786699116,0.006145209880354219,,-0.0018057976701386647,-0.005677517244288222,0.005619298971369993
dair_ai_emotion,entropy,34,400,400,9,0.456,0.2522622947071164,0.21739379362330183,0.3749015392228507,0.2522622947071164,,2.0,0.3333333333333333,0.7115110170181937,1.471057917375172,0.13576474891178922,6,1.0,6,1.0,0,0.0,0,0.0,0.0,0,0.0,0.00114,0.0005434844840582545,0.2626340000060736,100,0,0.4094285714285715,0.21500292765148454,0.17893251386970888,0.32640367045489294,0.21500292765148454,,0.7321455729226971,1.5187870415734792,0.08308701798785187,0.01200000000000001,0.014619883040935672,0.016816358670866866,0.017626473072784532,0.014619883040935672,,0.0010585985871732762,0.0030744124407315887,0.021705804510098667
dair_ai_emotion,random,34,50,50,9,0.284,0.17653330132107722,0.13248193012767004,0.22978073496010717,0.17653330132107722,,3.0,0.5,0.7770063008013766,1.6253541148589399,0.03324564569442403,6,1.0,6,1.0,0,0.0,0,0.0,0.0,0,0.0,0.005679999999999999,0.0026496386025534006,0.15025769999920158,41,0,0.40542857142857136,0.21364404004471915,0.17506575251534107,0.3195913700437826,0.21364404004471915,,0.7327734524033171,1.5241638387800656,0.05967747116621942,0.0,0.0,0.0,0.0,0.0,,0.0,0.0,0.0
dair_ai_emotion,random,34,100,100,9,0.376,0.20533004064413232,0.16833050191195978,0.30239229693306036,0.20533004064413232,,3.0,0.5,0.7538857649179296,1.5882265584754789,0.027916065691391823,6,1.0,6,1.0,0,0.0,0,0.0,0.0,0,0.0,0.00376,0.0016833050191195978,0.14696099999855505,50,0,0.40542857142857136,0.21364404004471915,0.17506575251534107,0.3195913700437826,0.21364404004471915,,0.7327734524033171,1.5241638387800656,0.05967747116621942,0.0,0.0,0.0,0.0,0.0,,0.0,0.0,0.0
dair_ai_emotion,random,34,200,200,9,0.412,0.20686491399564402,0.16745948609038383,0.31585148088623577,0.20686491399564402,,3.0,0.5,0.7286117480763425,1.5106689186487376,0.03585867249963373,6,1.0,6,1.0,0,0.0,0,0.0,0.0,0,0.0,0.0020599999999999998,0.0008372974304519192,0.2210611999980756,100,0,0.40542857142857136,0.21364404004471915,0.17506575251534107,0.3195913700437826,0.21364404004471915,,0.7327734524033171,1.5241638387800656,0.05967747116621942,0.0,0.0,0.0,0.0,0.0,,0.0,0.0,0.0
dair_ai_emotion,random,34,300,300,9,0.432,0.22393716451441406,0.18561357127120512,0.33984137475214804,0.22393716451441406,,3.0,0.5,0.721203227230966,1.4924043170429282,0.08673454368913908,6,1.0,6,1.0,0,0.0,0,0.0,0.0,0,0.0,0.00144,0.0006187119042373504,0.36198619999777293,100,0,0.40542857142857136,0.21364404004471915,0.17506575251534107,0.3195913700437826,0.21364404004471915,,0.7327734524033171,1.5241638387800656,0.05967747116621942,0.0,0.0,0.0,0.0,0.0,,0.0,0.0,0.0
dair_ai_emotion,random,34,400,400,9,0.444,0.23764241166618075,0.20057743495243496,0.35727506615006616,0.23764241166618075,,3.0,0.5,0.7104524184310205,1.4679835049344405,0.11405894440169055,6,1.0,6,1.0,0,0.0,0,0.0,0.0,0,0.0,0.00111,0.0005014435873810874,0.34981160000461387,100,0,0.40542857142857136,0.21364404004471915,0.17506575251534107,0.3195913700437826,0.21364404004471915,,0.7327734524033171,1.5241638387800656,0.05967747116621942,0.0,0.0,0.0,0.0,0.0,,0.0,0.0,0.0
